image,video,session,pass,frame
20221216-GX010015_frame0_jpg.rf.3929a891198bd3b856d002107c89da07.jpg,20221216-GX010015,2022-12-16,A,0
20221216-GX010015_frame1040_jpg.rf.45da154dc1fab8b9649a7a6549540388.jpg,20221216-GX010015,2022-12-16,A,1040
20221216-GX010015_frame1060_jpg.rf.9a9a759dcab5a8c0313e33f5462348a0.jpg,20221216-GX010015,2022-12-16,A,1060
20221216-GX010015_frame1100_jpg.rf.ccbaff7517108add1287dacd7e1b4a31.jpg,20221216-GX010015,2022-12-16,A,1100
20221216-GX010015_frame1140_jpg.rf.2696b32331aa2503d488966ae9d16294.jpg,20221216-GX010015,2022-12-16,A,1140
20221216-GX010015_frame1180_jpg.rf.6ccdb6ea0a6dbab559733824a80bdf88.jpg,20221216-GX010015,2022-12-16,A,1180
20221216-GX010015_frame120_jpg.rf.e1f8fc393931333b2f0ed3aa3fef33a5.jpg,20221216-GX010015,2022-12-16,A,120
20221216-GX010015_frame1240_jpg.rf.7ff4e32e0dc5f4a5a372b3a7252c3a4c.jpg,20221216-GX010015,2022-12-16,A,1240
20221216-GX010015_frame1260_jpg.rf.828b6334a7122d4f1831581087faff5b.jpg,20221216-GX010015,2022-12-16,A,1260
20221216-GX010015_frame1280_jpg.rf.0407fb2c39d750a58fef06a3ed181261.jpg,20221216-GX010015,2022-12-16,A,1280
20221216-GX010015_frame1300_jpg.rf.df0742acbcb800d12c271951b4ef3173.jpg,20221216-GX010015,2022-12-16,A,1300
20221216-GX010015_frame1380_jpg.rf.379c57c202610629c6b8f36c2af314bf.jpg,20221216-GX010015,2022-12-16,A,1380
20221216-GX010015_frame140_jpg.rf.607dfa3e3a8c63c90988857510b38f2f.jpg,20221216-GX010015,2022-12-16,A,140
20221216-GX010015_frame1500_jpg.rf.07dee8f66701128bad103393a2cb9fcf.jpg,20221216-GX010015,2022-12-16,A,1500
20221216-GX010015_frame200_jpg.rf.0a4996cdca2b13ad46c14ef42c6b7daf.jpg,20221216-GX010015,2022-12-16,A,200
20221216-GX010015_frame20_jpg.rf.f7152b9778d27154221ea039d5f82f4f.jpg,20221216-GX010015,2022-12-16,A,20
20221216-GX010015_frame220_jpg.rf.29b53a538fa3c01eec56ef2a1e95c8e8.jpg,20221216-GX010015,2022-12-16,A,220
20221216-GX010015_frame240_jpg.rf.6def56559ec60175ac350638f70b0ca7.jpg,20221216-GX010015,2022-12-16,A,240
20221216-GX010015_frame300_jpg.rf.eaa424e2c0b39491c3033c7e0cc1f33f.jpg,20221216-GX010015,2022-12-16,A,300
20221216-GX010015_frame340_jpg.rf.86ed0c5f9f65dd6438d157e6dcbab3c2.jpg,20221216-GX010015,2022-12-16,A,340
20221216-GX010015_frame360_jpg.rf.4bdcb14ab8f484a978f1fa6cb72d7c87.jpg,20221216-GX010015,2022-12-16,A,360
20221216-GX010015_frame40_jpg.rf.efba3a1298a359eb00d8079969cdca85.jpg,20221216-GX010015,2022-12-16,A,40
20221216-GX010015_frame420_jpg.rf.984b36da88891d7e9ec4cbdbf300c1d0.jpg,20221216-GX010015,2022-12-16,A,420
20221216-GX010015_frame440_jpg.rf.0d67281f2fdedac63ada2dc5db4b22af.jpg,20221216-GX010015,2022-12-16,A,440
20221216-GX010015_frame480_jpg.rf.5ee42b5de8f240eb22026f5468acb979.jpg,20221216-GX010015,2022-12-16,A,480
20221216-GX010015_frame500_jpg.rf.fc83f18f22258456ccbd5938ab708467.jpg,20221216-GX010015,2022-12-16,A,500
20221216-GX010015_frame520_jpg.rf.518f320517df68d5947d9961e5f4f701.jpg,20221216-GX010015,2022-12-16,A,520
20221216-GX010015_frame540_jpg.rf.36aea22f2d0cbd91d8fa61e9ecf397fd.jpg,20221216-GX010015,2022-12-16,A,540
20221216-GX010015_frame560_jpg.rf.ebc2b398bec6e9c73610de22a03cc7db.jpg,20221216-GX010015,2022-12-16,A,560
20221216-GX010015_frame580_jpg.rf.b72fe46359529724e303c1ab6a8a9e44.jpg,20221216-GX010015,2022-12-16,A,580
20221216-GX010015_frame600_jpg.rf.bd3520b01bfa19c023b548e9ea5d9f7d.jpg,20221216-GX010015,2022-12-16,A,600
20221216-GX010015_frame60_jpg.rf.fbc9d5deb53713ce41eba349be5f2fc1.jpg,20221216-GX010015,2022-12-16,A,60
20221216-GX010015_frame620_jpg.rf.662fd37a2c62a1e68a7020fa5e4cacc1.jpg,20221216-GX010015,2022-12-16,A,620
20221216-GX010015_frame640_jpg.rf.6b5974da365acf28b140688a5f523fdc.jpg,20221216-GX010015,2022-12-16,A,640
20221216-GX010015_frame680_jpg.rf.fd5cb8f90651c890471de8f5cd5d9646.jpg,20221216-GX010015,2022-12-16,A,680
20221216-GX010015_frame700_jpg.rf.a0cfa332d4428aa5811939819a0b7f4c.jpg,20221216-GX010015,2022-12-16,A,700
20221216-GX010015_frame720_jpg.rf.97eff0738918afe489cf6caec90141f5.jpg,20221216-GX010015,2022-12-16,A,720
20221216-GX010015_frame740_jpg.rf.5450bc83786c3a144b8c7196c4e9c8cb.jpg,20221216-GX010015,2022-12-16,A,740
20221216-GX010015_frame800_jpg.rf.0f9a685fa422bdb799c6bbf182fca788.jpg,20221216-GX010015,2022-12-16,A,800
20221216-GX010015_frame820_jpg.rf.7900e9c5e7cb35d18ef3dd0a57c1dd5f.jpg,20221216-GX010015,2022-12-16,A,820
20221216-GX010015_frame840_jpg.rf.9465bb32a3fa34ff4e6286fa4cecebf9.jpg,20221216-GX010015,2022-12-16,A,840
20221216-GX010015_frame860_jpg.rf.7b70d364776d1c989cad779b3913ea01.jpg,20221216-GX010015,2022-12-16,A,860
20221216-GX010015_frame880_jpg.rf.36d85c3c8bc496e42ea210ae04980992.jpg,20221216-GX010015,2022-12-16,A,880
20221216-GX010015_frame900_jpg.rf.331dab25c202516c53edb3aeb084319e.jpg,20221216-GX010015,2022-12-16,A,900
20221216-GX010015_frame920_jpg.rf.c47a75a2d334d7e2ac6add5c52232ca6.jpg,20221216-GX010015,2022-12-16,A,920
20221216-GX010015_frame940_jpg.rf.856ad3ab63bd42c3455b9797ebb3ebe8.jpg,20221216-GX010015,2022-12-16,A,940
20221216-GX010025_frame0_jpg.rf.52cf16e442f44ab638e16ff585ba2413.jpg,20221216-GX010025,2022-12-16,B,0
20221216-GX010025_frame1000_jpg.rf.dce62b8a55bfb4a74a1155ec58ac85a5.jpg,20221216-GX010025,2022-12-16,B,1000
20221216-GX010025_frame100_jpg.rf.9b220ead7917167f14489de599b4d608.jpg,20221216-GX010025,2022-12-16,B,100
20221216-GX010025_frame1020_jpg.rf.773585480d625046dc7052cb97ac7714.jpg,20221216-GX010025,2022-12-16,B,1020
20221216-GX010025_frame1040_jpg.rf.7239f49813565e69cc9a58e1387f43ba.jpg,20221216-GX010025,2022-12-16,B,1040
20221216-GX010025_frame1060_jpg.rf.0b7515258c0656da9694a6309a3c837c.jpg,20221216-GX010025,2022-12-16,B,1060
20221216-GX010025_frame1080_jpg.rf.62a4c9ebc4be948bc0a95df746976696.jpg,20221216-GX010025,2022-12-16,B,1080
20221216-GX010025_frame1100_jpg.rf.6fe6c65966e430358998bded6a9f698d.jpg,20221216-GX010025,2022-12-16,B,1100
20221216-GX010025_frame1120_jpg.rf.c52bc2038bd3a55abc925d86758f166a.jpg,20221216-GX010025,2022-12-16,B,1120
20221216-GX010025_frame1160_jpg.rf.e9b7f0c5b21e0685de327081f1f72c51.jpg,20221216-GX010025,2022-12-16,B,1160
20221216-GX010025_frame1200_jpg.rf.10ef9b28e6573dc15177d38219c9acd3.jpg,20221216-GX010025,2022-12-16,B,1200
20221216-GX010025_frame1220_jpg.rf.18a4e2fb74f392ef30ef1515f3950800.jpg,20221216-GX010025,2022-12-16,B,1220
20221216-GX010025_frame1240_jpg.rf.8ad3d080b9f6f24ec3838cc12926a973.jpg,20221216-GX010025,2022-12-16,B,1240
20221216-GX010025_frame1280_jpg.rf.73dbb068510fa8424556f8f5c88bc117.jpg,20221216-GX010025,2022-12-16,B,1280
20221216-GX010025_frame1300_jpg.rf.fbc23d8ee9ecc1dd5a7202d8d82831a9.jpg,20221216-GX010025,2022-12-16,B,1300
20221216-GX010025_frame1340_jpg.rf.0ae1fe50f68ba4254eb849ce97a55967.jpg,20221216-GX010025,2022-12-16,B,1340
20221216-GX010025_frame1360_jpg.rf.1b73f8451d38c39276a522cbc3c54fbb.jpg,20221216-GX010025,2022-12-16,B,1360
20221216-GX010025_frame1380_jpg.rf.b5ff80d0c1c93c02f767de19775db152.jpg,20221216-GX010025,2022-12-16,B,1380
20221216-GX010025_frame140_jpg.rf.cb4c1300c45b3529948d28fb52f8b1bc.jpg,20221216-GX010025,2022-12-16,B,140
20221216-GX010025_frame1440_jpg.rf.5fd34bf822d5653e8a07734ed77d1f97.jpg,20221216-GX010025,2022-12-16,B,1440
20221216-GX010025_frame1460_jpg.rf.a91c9f9645425a446a17dd899c411f3d.jpg,20221216-GX010025,2022-12-16,B,1460
20221216-GX010025_frame1500_jpg.rf.19b24302ea9e580f7b9e3c8b2078c64d.jpg,20221216-GX010025,2022-12-16,B,1500
20221216-GX010025_frame1520_jpg.rf.58dae07fe84b9eef3ee3b5a0a67fe463.jpg,20221216-GX010025,2022-12-16,B,1520
20221216-GX010025_frame1560_jpg.rf.4fbc3928e26a058e7f01d295c33fc09e.jpg,20221216-GX010025,2022-12-16,B,1560
20221216-GX010025_frame160_jpg.rf.14bb7a6fc592033deb0ae02ef6a528fb.jpg,20221216-GX010025,2022-12-16,B,160
20221216-GX010025_frame1620_jpg.rf.27ba3b19e30728e90ef05aa59ca8e4b8.jpg,20221216-GX010025,2022-12-16,B,1620
20221216-GX010025_frame1640_jpg.rf.c16898ad73f87e30cbf6dac37379314f.jpg,20221216-GX010025,2022-12-16,B,1640
20221216-GX010025_frame1660_jpg.rf.a34a4b44baf35fd6b09875e01789ef4f.jpg,20221216-GX010025,2022-12-16,B,1660
20221216-GX010025_frame1700_jpg.rf.b9b2398d3d576cd2dae0ba754341a35a.jpg,20221216-GX010025,2022-12-16,B,1700
20221216-GX010025_frame1720_jpg.rf.a959a112c5bcd821115ae520d77c9a49.jpg,20221216-GX010025,2022-12-16,B,1720
20221216-GX010025_frame1740_jpg.rf.ad5b6e7ec9246215452d6bbb87cb0f79.jpg,20221216-GX010025,2022-12-16,B,1740
20221216-GX010025_frame1780_jpg.rf.5ca5488b8107a4afea2bf225f34d5b5b.jpg,20221216-GX010025,2022-12-16,B,1780
20221216-GX010025_frame180_jpg.rf.662b184bff3adb6a12a8435ec093987a.jpg,20221216-GX010025,2022-12-16,B,180
20221216-GX010025_frame1820_jpg.rf.a46108e877bb33bf5b31db45ed4e2ed7.jpg,20221216-GX010025,2022-12-16,B,1820
20221216-GX010025_frame1840_jpg.rf.4c0aad671e0a8781d4aebfd523083d11.jpg,20221216-GX010025,2022-12-16,B,1840
20221216-GX010025_frame200_jpg.rf.7e525e9c5e771ac94ecf9a4ec80ff7ad.jpg,20221216-GX010025,2022-12-16,B,200
20221216-GX010025_frame20_jpg.rf.77194c368cf69a173b63c61b1a000a48.jpg,20221216-GX010025,2022-12-16,B,20
20221216-GX010025_frame220_jpg.rf.967e94c019dca7441eb7a8a9739bb542.jpg,20221216-GX010025,2022-12-16,B,220
20221216-GX010025_frame240_jpg.rf.6d9e2eb7d31313b07e34af3fdbe19f3a.jpg,20221216-GX010025,2022-12-16,B,240
20221216-GX010025_frame260_jpg.rf.c333a2737795ba4de14d102c954dca6f.jpg,20221216-GX010025,2022-12-16,B,260
20221216-GX010025_frame280_jpg.rf.1c39524f1ecacacc86f5f33f8cc49371.jpg,20221216-GX010025,2022-12-16,B,280
20221216-GX010025_frame320_jpg.rf.17d17b7cdb85fba0f9f1214a1007bf95.jpg,20221216-GX010025,2022-12-16,B,320
20221216-GX010025_frame340_jpg.rf.b03c20d5fb239fb4759399be06e646f4.jpg,20221216-GX010025,2022-12-16,B,340
20221216-GX010025_frame360_jpg.rf.7ed8c518add4abd4f3eb6cd8adbafdea.jpg,20221216-GX010025,2022-12-16,B,360
20221216-GX010025_frame380_jpg.rf.8ae463f79bcd2143346dcd8c0c87b64a.jpg,20221216-GX010025,2022-12-16,B,380
20221216-GX010025_frame400_jpg.rf.d30b2fbe07b40f58e0ea9f38a7b4f0bc.jpg,20221216-GX010025,2022-12-16,B,400
20221216-GX010025_frame40_jpg.rf.7e36a5038664818bad2455cd0151282f.jpg,20221216-GX010025,2022-12-16,B,40
20221216-GX010025_frame420_jpg.rf.ddf251c264da7f1a23e8a1ad295ede90.jpg,20221216-GX010025,2022-12-16,B,420
20221216-GX010025_frame440_jpg.rf.cc3d360153d6513c300d7e27adede194.jpg,20221216-GX010025,2022-12-16,B,440
20221216-GX010025_frame460_jpg.rf.8b852d316ae9e13ce7712c9698a5f319.jpg,20221216-GX010025,2022-12-16,B,460
20221216-GX010025_frame480_jpg.rf.5024f709672cd3582d6496eb859c5226.jpg,20221216-GX010025,2022-12-16,B,480
20221216-GX010025_frame500_jpg.rf.cf13f2b71a097fd8f615965161378767.jpg,20221216-GX010025,2022-12-16,B,500
20221216-GX010025_frame520_jpg.rf.63c68effa053340e423fc4450a789812.jpg,20221216-GX010025,2022-12-16,B,520
20221216-GX010025_frame540_jpg.rf.cc45cdd5ab8941231f5916721eaca3c6.jpg,20221216-GX010025,2022-12-16,B,540
20221216-GX010025_frame560_jpg.rf.2645ee77a15f8985a8b2aceeb581e4a5.jpg,20221216-GX010025,2022-12-16,B,560
20221216-GX010025_frame580_jpg.rf.9182c6215077b42d383037c275c02253.jpg,20221216-GX010025,2022-12-16,B,580
20221216-GX010025_frame60_jpg.rf.e709353e8b2261cf76c87a9029c0acb6.jpg,20221216-GX010025,2022-12-16,B,60
20221216-GX010025_frame620_jpg.rf.c3f498a29138217b50f1ccdf14df574f.jpg,20221216-GX010025,2022-12-16,B,620
20221216-GX010025_frame640_jpg.rf.65e1245eec474fd9b30e1ff1adec503c.jpg,20221216-GX010025,2022-12-16,B,640
20221216-GX010025_frame660_jpg.rf.c453a357bcd2f69d86f5dde5c2d861f9.jpg,20221216-GX010025,2022-12-16,B,660
20221216-GX010025_frame680_jpg.rf.bd4e73f20f8079d54ef6619ee776db48.jpg,20221216-GX010025,2022-12-16,B,680
20221216-GX010025_frame700_jpg.rf.f9d91ee82a499624251f8d442c1f80dd.jpg,20221216-GX010025,2022-12-16,B,700
20221216-GX010025_frame780_jpg.rf.366a556a208777837afee3fd9592f6f5.jpg,20221216-GX010025,2022-12-16,B,780
20221216-GX010025_frame800_jpg.rf.dd29d538f74032ba06dff046738c7e4b.jpg,20221216-GX010025,2022-12-16,B,800
20221216-GX010025_frame80_jpg.rf.b84fae109489818b15e143f74593bffb.jpg,20221216-GX010025,2022-12-16,B,80
20221216-GX010025_frame860_jpg.rf.016821e47651e74c853017d739ca14a9.jpg,20221216-GX010025,2022-12-16,B,860
20221216-GX010025_frame880_jpg.rf.0061132c2854ac382eaf441e05b4838d.jpg,20221216-GX010025,2022-12-16,B,880
20221216-GX010025_frame900_jpg.rf.8ac4f40a6f10bf998bb3fd10fb9b786d.jpg,20221216-GX010025,2022-12-16,B,900
20221216-GX010025_frame920_jpg.rf.3095169d02d832116941b089502f1f6c.jpg,20221216-GX010025,2022-12-16,B,920
20221216-GX010025_frame940_jpg.rf.b0e18922fcceacac959f27f9f4159ca8.jpg,20221216-GX010025,2022-12-16,B,940
20221216-GX010025_frame980_jpg.rf.aaafb399c44216367805918f09cd2c6e.jpg,20221216-GX010025,2022-12-16,B,980
20221221-GX010104_frame0_jpg.rf.20487e5c14459932a116e017956fa737.jpg,20221221-GX010104,2022-12-21,A,0
20221221-GX010104_frame1000_jpg.rf.44cc5fd94dbf457e43e714334ef13fa2.jpg,20221221-GX010104,2022-12-21,A,1000
20221221-GX010104_frame100_jpg.rf.ab4e592b854ace7d1ae5823e74ab23f8.jpg,20221221-GX010104,2022-12-21,A,100
20221221-GX010104_frame1060_jpg.rf.dc5e60667379deadd37c823d1cd7499b.jpg,20221221-GX010104,2022-12-21,A,1060
20221221-GX010104_frame1120_jpg.rf.42f3a5bbb9a85a71a1ce042c60110e4b.jpg,20221221-GX010104,2022-12-21,A,1120
20221221-GX010104_frame1140_jpg.rf.c413142d9f85948d572cba9e9f8963f1.jpg,20221221-GX010104,2022-12-21,A,1140
20221221-GX010104_frame1160_jpg.rf.66981b9af8af6538882407c44a7fb9fd.jpg,20221221-GX010104,2022-12-21,A,1160
20221221-GX010104_frame1200_jpg.rf.fc7a7418a52b309407103c45922ee76b.jpg,20221221-GX010104,2022-12-21,A,1200
20221221-GX010104_frame120_jpg.rf.b2ccc55542f02007513e55f408e9f602.jpg,20221221-GX010104,2022-12-21,A,120
20221221-GX010104_frame1220_jpg.rf.df96ff859ac8aa4cedcf3e9e66727cc1.jpg,20221221-GX010104,2022-12-21,A,1220
20221221-GX010104_frame1260_jpg.rf.6687948ff58e11323265eb61bf73bd2d.jpg,20221221-GX010104,2022-12-21,A,1260
20221221-GX010104_frame1280_jpg.rf.82f5272f638af039efe5bb9afec2265a.jpg,20221221-GX010104,2022-12-21,A,1280
20221221-GX010104_frame1320_jpg.rf.2a6f383274c3552cfa9fbad904d9c006.jpg,20221221-GX010104,2022-12-21,A,1320
20221221-GX010104_frame1360_jpg.rf.6bd7fb7400908f52d6f10542c78df98e.jpg,20221221-GX010104,2022-12-21,A,1360
20221221-GX010104_frame1380_jpg.rf.0ee6146e00445e865a735dec8754a26c.jpg,20221221-GX010104,2022-12-21,A,1380
20221221-GX010104_frame1500_jpg.rf.68a1176fd001d4d60238e9b2f59c6579.jpg,20221221-GX010104,2022-12-21,A,1500
20221221-GX010104_frame1520_jpg.rf.d31feb3c18a76aca02d79fe2caebe28f.jpg,20221221-GX010104,2022-12-21,A,1520
20221221-GX010104_frame1540_jpg.rf.c7db6b4cfeb4a83200c37123ae518344.jpg,20221221-GX010104,2022-12-21,A,1540
20221221-GX010104_frame1560_jpg.rf.2dee54afaeadc0f68ef645e6306f345c.jpg,20221221-GX010104,2022-12-21,A,1560
20221221-GX010104_frame1580_jpg.rf.e58087a70483c09b7b27c5319c251a34.jpg,20221221-GX010104,2022-12-21,A,1580
20221221-GX010104_frame160_jpg.rf.7425809c936a9e8e1ffee8971d842f7b.jpg,20221221-GX010104,2022-12-21,A,160
20221221-GX010104_frame1620_jpg.rf.7c766d41bfe131fa0c10a9edb519b5ff.jpg,20221221-GX010104,2022-12-21,A,1620
20221221-GX010104_frame1640_jpg.rf.f057f557e1231d29a76ac48e0da68287.jpg,20221221-GX010104,2022-12-21,A,1640
20221221-GX010104_frame1660_jpg.rf.606b40bad27cc8d785bad75829289812.jpg,20221221-GX010104,2022-12-21,A,1660
20221221-GX010104_frame1700_jpg.rf.a0e67fa0d0d40b060ab1f852188f7c4e.jpg,20221221-GX010104,2022-12-21,A,1700
20221221-GX010104_frame1740_jpg.rf.5d8cedd644235466a9b664bafc38b94b.jpg,20221221-GX010104,2022-12-21,A,1740
20221221-GX010104_frame1760_jpg.rf.539459153af30e4a016b0520d68001cd.jpg,20221221-GX010104,2022-12-21,A,1760
20221221-GX010104_frame1800_jpg.rf.fc1dc8ac288d2ad7efa1679384bf332e.jpg,20221221-GX010104,2022-12-21,A,1800
20221221-GX010104_frame180_jpg.rf.6ea5692fc7305109f15ad3b3a9eb960b.jpg,20221221-GX010104,2022-12-21,A,180
20221221-GX010104_frame1820_jpg.rf.38df707c1b1828cc2b6bd3d40831dd6b.jpg,20221221-GX010104,2022-12-21,A,1820
20221221-GX010104_frame1840_jpg.rf.4a44d064a828b0147cef6099bff1b5df.jpg,20221221-GX010104,2022-12-21,A,1840
20221221-GX010104_frame1860_jpg.rf.1645ec28bec11d49314d4fb4da04dfaa.jpg,20221221-GX010104,2022-12-21,A,1860
20221221-GX010104_frame1880_jpg.rf.e829c3ee036b1242af4dd41b1870c436.jpg,20221221-GX010104,2022-12-21,A,1880
20221221-GX010104_frame1900_jpg.rf.836332a5b8ad8134a290fa59b4e963e6.jpg,20221221-GX010104,2022-12-21,A,1900
20221221-GX010104_frame1940_jpg.rf.1f2a8dcc130e2380ab9cd5c8d4653bfb.jpg,20221221-GX010104,2022-12-21,A,1940
20221221-GX010104_frame1960_jpg.rf.a935cbac8582f90410c38169e2dc4eec.jpg,20221221-GX010104,2022-12-21,A,1960
20221221-GX010104_frame1980_jpg.rf.047215f2227218e271badf30c8062ebd.jpg,20221221-GX010104,2022-12-21,A,1980
20221221-GX010104_frame2000_jpg.rf.79818c6db6fb2bf5512cb5d11094b2f9.jpg,20221221-GX010104,2022-12-21,A,2000
20221221-GX010104_frame200_jpg.rf.98a1e4b51b60cffcf294fcf6cd94dc0f.jpg,20221221-GX010104,2022-12-21,A,200
20221221-GX010104_frame2020_jpg.rf.4c23a16c6a1be097a19959bb3c9a0d86.jpg,20221221-GX010104,2022-12-21,A,2020
20221221-GX010104_frame2040_jpg.rf.85aa50faf08209219ba87ab5e6eacc16.jpg,20221221-GX010104,2022-12-21,A,2040
20221221-GX010104_frame2060_jpg.rf.59bbb9292562ac092983f870e6e4d21a.jpg,20221221-GX010104,2022-12-21,A,2060
20221221-GX010104_frame20_jpg.rf.a2655bd213c4bd2fd077ece9cd6bbfb9.jpg,20221221-GX010104,2022-12-21,A,20
20221221-GX010104_frame2100_jpg.rf.e0189157fab53bbc07cbff742b80378c.jpg,20221221-GX010104,2022-12-21,A,2100
20221221-GX010104_frame2140_jpg.rf.9a18efcddbee44a1984b0256b9a05fb8.jpg,20221221-GX010104,2022-12-21,A,2140
20221221-GX010104_frame2160_jpg.rf.88aa5883a5097fa35843bd46a6b32ebc.jpg,20221221-GX010104,2022-12-21,A,2160
20221221-GX010104_frame2180_jpg.rf.d59c1b8fec274e729b9db08471c9d115.jpg,20221221-GX010104,2022-12-21,A,2180
20221221-GX010104_frame2220_jpg.rf.d82986804c579245a732bc3ea1be2542.jpg,20221221-GX010104,2022-12-21,A,2220
20221221-GX010104_frame2240_jpg.rf.215acc6ada19a9c000b3e7b875f64827.jpg,20221221-GX010104,2022-12-21,A,2240
20221221-GX010104_frame2260_jpg.rf.59d5195f0000979a46cbd4432c06fab9.jpg,20221221-GX010104,2022-12-21,A,2260
20221221-GX010104_frame2300_jpg.rf.cf2c2d696c78a0b141218a6fab75bf5a.jpg,20221221-GX010104,2022-12-21,A,2300
20221221-GX010104_frame2320_jpg.rf.9bcfc62edd96ef0d39f74752ef66c746.jpg,20221221-GX010104,2022-12-21,A,2320
20221221-GX010104_frame2340_jpg.rf.6addce7b99b5fcae4c2e3bb5b49e1bfb.jpg,20221221-GX010104,2022-12-21,A,2340
20221221-GX010104_frame2360_jpg.rf.2c475bd997879ae8277c3a694acc7619.jpg,20221221-GX010104,2022-12-21,A,2360
20221221-GX010104_frame2400_jpg.rf.6e2b32123282d5216554418b763adbe0.jpg,20221221-GX010104,2022-12-21,A,2400
20221221-GX010104_frame240_jpg.rf.779d3baa4b20e6f2c4e413d9ffcad295.jpg,20221221-GX010104,2022-12-21,A,240
20221221-GX010104_frame2440_jpg.rf.a2372affc97654d1a1eeee12ef80a1be.jpg,20221221-GX010104,2022-12-21,A,2440
20221221-GX010104_frame2460_jpg.rf.c4da4d3d9332002fef28ccaa0cbdfbf7.jpg,20221221-GX010104,2022-12-21,A,2460
20221221-GX010104_frame2480_jpg.rf.001a364c6e41c84f19367a7e7bee7153.jpg,20221221-GX010104,2022-12-21,A,2480
20221221-GX010104_frame2540_jpg.rf.d7e88e6979891fafb91e5fe904b0520b.jpg,20221221-GX010104,2022-12-21,A,2540
20221221-GX010104_frame2580_jpg.rf.61796c7de46a9ab593e23f57c8ec4512.jpg,20221221-GX010104,2022-12-21,A,2580
20221221-GX010104_frame260_jpg.rf.f91821c831b8079299f841430bd3642e.jpg,20221221-GX010104,2022-12-21,A,260
20221221-GX010104_frame2620_jpg.rf.c7ff7e1da48e451af6bf6584b83f4452.jpg,20221221-GX010104,2022-12-21,A,2620
20221221-GX010104_frame2640_jpg.rf.5413520dce2c8a6a474a769d6c0c8213.jpg,20221221-GX010104,2022-12-21,A,2640
20221221-GX010104_frame2680_jpg.rf.802fb293879b5b50344fff28f5d0a7b8.jpg,20221221-GX010104,2022-12-21,A,2680
20221221-GX010104_frame2720_jpg.rf.e9f32254aaf24691f7215a6f17f1abd3.jpg,20221221-GX010104,2022-12-21,A,2720
20221221-GX010104_frame2740_jpg.rf.92c311ae7ce1a0b2eb3bcfdd5020f3e0.jpg,20221221-GX010104,2022-12-21,A,2740
20221221-GX010104_frame2760_jpg.rf.19516c8e2ec8b1e5b44e17a8cb89e3d4.jpg,20221221-GX010104,2022-12-21,A,2760
20221221-GX010104_frame2780_jpg.rf.4704fba2c687128da8138ecd4c57e89b.jpg,20221221-GX010104,2022-12-21,A,2780
20221221-GX010104_frame2800_jpg.rf.91b97dc4a0748155567e4801e5cf6e0d.jpg,20221221-GX010104,2022-12-21,A,2800
20221221-GX010104_frame2820_jpg.rf.0c08155b356cfa26052d0c8fadaa9fe5.jpg,20221221-GX010104,2022-12-21,A,2820
20221221-GX010104_frame2860_jpg.rf.8c0e1cfdbaaa70063d1c84f6af0800d9.jpg,20221221-GX010104,2022-12-21,A,2860
20221221-GX010104_frame2880_jpg.rf.b9d97cec33dd02e5682b2fe5ef7e90f9.jpg,20221221-GX010104,2022-12-21,A,2880
20221221-GX010104_frame2920_jpg.rf.c28e034d025875d99d1015b9bf6ce358.jpg,20221221-GX010104,2022-12-21,A,2920
20221221-GX010104_frame2940_jpg.rf.ad40d3f0a371c91c35dcb22d5dd08103.jpg,20221221-GX010104,2022-12-21,A,2940
20221221-GX010104_frame3000_jpg.rf.beb12980e04bacacfa9654eaa38d4984.jpg,20221221-GX010104,2022-12-21,A,3000
20221221-GX010104_frame300_jpg.rf.4328b580d6e6caa1036fab68eaf7f41e.jpg,20221221-GX010104,2022-12-21,A,300
20221221-GX010104_frame3040_jpg.rf.e8646fc9d347ec3cd76d5a9188785b9a.jpg,20221221-GX010104,2022-12-21,A,3040
20221221-GX010104_frame3060_jpg.rf.fb02bd27bcaad1dacb3ca9b0998f62e9.jpg,20221221-GX010104,2022-12-21,A,3060
20221221-GX010104_frame3080_jpg.rf.cfdab7944ad91dddd6eef7c3ee8d30cb.jpg,20221221-GX010104,2022-12-21,A,3080
20221221-GX010104_frame3100_jpg.rf.8daf003b20f9a81920e895a9e9a06e7d.jpg,20221221-GX010104,2022-12-21,A,3100
20221221-GX010104_frame3120_jpg.rf.b2c21da7f305a2e089d47ce57690f881.jpg,20221221-GX010104,2022-12-21,A,3120
20221221-GX010104_frame3140_jpg.rf.8974e0f2dc711a485182916fadedbab1.jpg,20221221-GX010104,2022-12-21,A,3140
20221221-GX010104_frame3200_jpg.rf.d6b17a88e42d84b82efc283eaf1814f8.jpg,20221221-GX010104,2022-12-21,A,3200
20221221-GX010104_frame320_jpg.rf.772cbf7a0386111b009c01996eb58950.jpg,20221221-GX010104,2022-12-21,A,320
20221221-GX010104_frame3220_jpg.rf.64611c48bbd7583a478ab68b9889fd9d.jpg,20221221-GX010104,2022-12-21,A,3220
20221221-GX010104_frame3280_jpg.rf.02ab312b76eef94159994615de733aab.jpg,20221221-GX010104,2022-12-21,A,3280
20221221-GX010104_frame3300_jpg.rf.de4e98e27a6c3464c00397674f395658.jpg,20221221-GX010104,2022-12-21,A,3300
20221221-GX010104_frame3340_jpg.rf.2741f8005570be3162de39d7c6db8eb2.jpg,20221221-GX010104,2022-12-21,A,3340
20221221-GX010104_frame3360_jpg.rf.75da9496573e8fe19939812451fda30a.jpg,20221221-GX010104,2022-12-21,A,3360
20221221-GX010104_frame3400_jpg.rf.302eccfc8f190351f0e6a7800472bec8.jpg,20221221-GX010104,2022-12-21,A,3400
20221221-GX010104_frame340_jpg.rf.c4d0c406ad7940658b2e39fcf50179ff.jpg,20221221-GX010104,2022-12-21,A,340
20221221-GX010104_frame3420_jpg.rf.d010a278e46b7559b52d2c123d666d1d.jpg,20221221-GX010104,2022-12-21,A,3420
20221221-GX010104_frame3440_jpg.rf.33ab71391735073b9aeaf3ee9c04f422.jpg,20221221-GX010104,2022-12-21,A,3440
20221221-GX010104_frame3460_jpg.rf.21f9041287ae7251c8676a61e2e366c7.jpg,20221221-GX010104,2022-12-21,A,3460
20221221-GX010104_frame3480_jpg.rf.c05b8bd398b56cf65197da98e0cba916.jpg,20221221-GX010104,2022-12-21,A,3480
20221221-GX010104_frame3500_jpg.rf.2ae5f980cd9fc9e858550555cfa99928.jpg,20221221-GX010104,2022-12-21,A,3500
20221221-GX010104_frame3520_jpg.rf.2c2e861b9d384af70287cb5d166a3634.jpg,20221221-GX010104,2022-12-21,A,3520
20221221-GX010104_frame3540_jpg.rf.f36ee53d516fe6858fd4c2df2a07f6e2.jpg,20221221-GX010104,2022-12-21,A,3540
20221221-GX010104_frame3560_jpg.rf.af37991a584191f667b9d306d5d232bd.jpg,20221221-GX010104,2022-12-21,A,3560
20221221-GX010104_frame3580_jpg.rf.c6614cb9cd3060c4726ec7581d105525.jpg,20221221-GX010104,2022-12-21,A,3580
20221221-GX010104_frame360_jpg.rf.658481216d8360399275686a440bb748.jpg,20221221-GX010104,2022-12-21,A,360
20221221-GX010104_frame380_jpg.rf.4febc7c9e9276ad3a503f584ae8b3d4b.jpg,20221221-GX010104,2022-12-21,A,380
20221221-GX010104_frame400_jpg.rf.a383a4ef9923969033f246650030028f.jpg,20221221-GX010104,2022-12-21,A,400
20221221-GX010104_frame440_jpg.rf.7338c39da5bbd06a4264582d1b0ab154.jpg,20221221-GX010104,2022-12-21,A,440
20221221-GX010104_frame460_jpg.rf.6ec6101785847023b810272c6142efda.jpg,20221221-GX010104,2022-12-21,A,460
20221221-GX010104_frame500_jpg.rf.2ab3d5fd09a314afffe7a840012c31f7.jpg,20221221-GX010104,2022-12-21,A,500
20221221-GX010104_frame580_jpg.rf.07b1aeddf0100cd8964770cc4cec7625.jpg,20221221-GX010104,2022-12-21,A,580
20221221-GX010104_frame600_jpg.rf.326d3bced3d3ee86a8d8477985a701c9.jpg,20221221-GX010104,2022-12-21,A,600
20221221-GX010104_frame60_jpg.rf.09bf61fdb7dd9184014815c192df33aa.jpg,20221221-GX010104,2022-12-21,A,60
20221221-GX010104_frame620_jpg.rf.1ccb6c43fc5c338f2fe27db51d0db026.jpg,20221221-GX010104,2022-12-21,A,620
20221221-GX010104_frame640_jpg.rf.940b31ea8619f2f6a5deb4bb5e84d2fb.jpg,20221221-GX010104,2022-12-21,A,640
20221221-GX010104_frame680_jpg.rf.a3fa473c10fa2560643108a95b7aee52.jpg,20221221-GX010104,2022-12-21,A,680
20221221-GX010104_frame700_jpg.rf.38a96f5e80c6802b8428938faf245850.jpg,20221221-GX010104,2022-12-21,A,700
20221221-GX010104_frame720_jpg.rf.db17d68ec8f12963b6698f2e8a235740.jpg,20221221-GX010104,2022-12-21,A,720
20221221-GX010104_frame740_jpg.rf.7a1048bba444338eef7241f685ca6978.jpg,20221221-GX010104,2022-12-21,A,740
20221221-GX010104_frame760_jpg.rf.1de45b622c6ed9ebc0c793592d85eeb4.jpg,20221221-GX010104,2022-12-21,A,760
20221221-GX010104_frame780_jpg.rf.4c6268fce6f03929092ef40e01c60348.jpg,20221221-GX010104,2022-12-21,A,780
20221221-GX010104_frame800_jpg.rf.6cfa7305fa62e265eb1238c8e7e5f119.jpg,20221221-GX010104,2022-12-21,A,800
20221221-GX010104_frame820_jpg.rf.93b291373b279e59b387e7e98b4d89c0.jpg,20221221-GX010104,2022-12-21,A,820
20221221-GX010104_frame840_jpg.rf.6f22b6360813d435fd2f22f5acfda688.jpg,20221221-GX010104,2022-12-21,A,840
20221221-GX010104_frame860_jpg.rf.1ca039d1d62e7df96f8ac6d183e89670.jpg,20221221-GX010104,2022-12-21,A,860
20221221-GX010104_frame880_jpg.rf.e69d9cf632ee5daee1079196cabb85e7.jpg,20221221-GX010104,2022-12-21,A,880
20221221-GX010104_frame900_jpg.rf.b859f48e46d51e6e1d8f29b91ce9fb19.jpg,20221221-GX010104,2022-12-21,A,900
20221221-GX010104_frame940_jpg.rf.779ef30f546fc62e7d76f1d65acaf60c.jpg,20221221-GX010104,2022-12-21,A,940
20221221-GX010104_frame960_jpg.rf.41a6cf74015163167b7c7bab1c1c941f.jpg,20221221-GX010104,2022-12-21,A,960
20221221-GX010110_frame0_jpg.rf.9197f3d7cbc5c55bc2297193dfba6bb0.jpg,20221221-GX010110,2022-12-21,B,0
20221221-GX010110_frame1000_jpg.rf.2a40b74830d5d62280504a9e817cf53b.jpg,20221221-GX010110,2022-12-21,B,1000
20221221-GX010110_frame100_jpg.rf.4ccaa6964dfe2a98affcfc4b5fd7dc68.jpg,20221221-GX010110,2022-12-21,B,100
20221221-GX010110_frame1020_jpg.rf.a6ade5cb86d8207db9e4b3d731116133.jpg,20221221-GX010110,2022-12-21,B,1020
20221221-GX010110_frame1040_jpg.rf.775a3ec6d1a15f990fc2d90285c7a42f.jpg,20221221-GX010110,2022-12-21,B,1040
20221221-GX010110_frame1060_jpg.rf.325052abb5530fd9af8d9f914035560a.jpg,20221221-GX010110,2022-12-21,B,1060
20221221-GX010110_frame1120_jpg.rf.6f2239ecc11b7f3587b3cbe8946f7443.jpg,20221221-GX010110,2022-12-21,B,1120
20221221-GX010110_frame1140_jpg.rf.2caf500d9828a04c41e2805e2096db7b.jpg,20221221-GX010110,2022-12-21,B,1140
20221221-GX010110_frame1160_jpg.rf.18c65ed00e571c8104268723ac915d53.jpg,20221221-GX010110,2022-12-21,B,1160
20221221-GX010110_frame1180_jpg.rf.775f629c7da3098f4ceb0d693208ef76.jpg,20221221-GX010110,2022-12-21,B,1180
20221221-GX010110_frame1200_jpg.rf.cd461b7448774ed122984a2558c76b42.jpg,20221221-GX010110,2022-12-21,B,1200
20221221-GX010110_frame120_jpg.rf.b2a5664cd8d417d85e12efd129c14477.jpg,20221221-GX010110,2022-12-21,B,120
20221221-GX010110_frame1220_jpg.rf.2f856485ffd95cc45cf7faa9f351e4b6.jpg,20221221-GX010110,2022-12-21,B,1220
20221221-GX010110_frame1240_jpg.rf.94a73b4afbdb644f85e205390274fd82.jpg,20221221-GX010110,2022-12-21,B,1240
20221221-GX010110_frame1260_jpg.rf.fb7bf2c16c225e0b2b31352886c5eba0.jpg,20221221-GX010110,2022-12-21,B,1260
20221221-GX010110_frame1280_jpg.rf.34fba1ff2ac58b34785bcda3aaaf9df4.jpg,20221221-GX010110,2022-12-21,B,1280
20221221-GX010110_frame1300_jpg.rf.d0931da967bf00a8520cfc86dedcac14.jpg,20221221-GX010110,2022-12-21,B,1300
20221221-GX010110_frame1340_jpg.rf.96d47b66236bffe53f201a79f81b163b.jpg,20221221-GX010110,2022-12-21,B,1340
20221221-GX010110_frame1380_jpg.rf.aea7ba1a5a7bd0cc36f7c934209fd501.jpg,20221221-GX010110,2022-12-21,B,1380
20221221-GX010110_frame1400_jpg.rf.75d4d9db484745ba95ead8eb46206218.jpg,20221221-GX010110,2022-12-21,B,1400
20221221-GX010110_frame140_jpg.rf.329a86c3d07e3e247a60f05536fba176.jpg,20221221-GX010110,2022-12-21,B,140
20221221-GX010110_frame1420_jpg.rf.d13ca99bbacd562bae8e117080930644.jpg,20221221-GX010110,2022-12-21,B,1420
20221221-GX010110_frame1440_jpg.rf.32010e356a4f8ce9b9874637f62a2188.jpg,20221221-GX010110,2022-12-21,B,1440
20221221-GX010110_frame1460_jpg.rf.08938f5d2f51ed19c0022c69f47943e3.jpg,20221221-GX010110,2022-12-21,B,1460
20221221-GX010110_frame1480_jpg.rf.46394bc6740b3ec4fc06411fccc29c0f.jpg,20221221-GX010110,2022-12-21,B,1480
20221221-GX010110_frame1500_jpg.rf.65652c5d795b3fd82c534df2a230416f.jpg,20221221-GX010110,2022-12-21,B,1500
20221221-GX010110_frame1520_jpg.rf.66b33d884b4af4d105a73afdeed9b944.jpg,20221221-GX010110,2022-12-21,B,1520
20221221-GX010110_frame1540_jpg.rf.01c6110f0c5e637328c46b8ff71fcdf8.jpg,20221221-GX010110,2022-12-21,B,1540
20221221-GX010110_frame1560_jpg.rf.6885eb6da3afaeb8367709989389b5e0.jpg,20221221-GX010110,2022-12-21,B,1560
20221221-GX010110_frame1580_jpg.rf.61d4a66590ad08cb0010dc18d086f1ed.jpg,20221221-GX010110,2022-12-21,B,1580
20221221-GX010110_frame1600_jpg.rf.a91f2ead1f83614952fda09afe98b1fe.jpg,20221221-GX010110,2022-12-21,B,1600
20221221-GX010110_frame160_jpg.rf.610bc577db3794860150ac1e80800c15.jpg,20221221-GX010110,2022-12-21,B,160
20221221-GX010110_frame1620_jpg.rf.e684ab9b13dcaae565a767fbc86b5837.jpg,20221221-GX010110,2022-12-21,B,1620
20221221-GX010110_frame1640_jpg.rf.78c81c657d4029ee3d61b74a160b11ff.jpg,20221221-GX010110,2022-12-21,B,1640
20221221-GX010110_frame1660_jpg.rf.1ea221892a3741ae36b92d92a1662afc.jpg,20221221-GX010110,2022-12-21,B,1660
20221221-GX010110_frame1680_jpg.rf.880df756ecd22e57f19b0c566121f9be.jpg,20221221-GX010110,2022-12-21,B,1680
20221221-GX010110_frame1700_jpg.rf.2d6546d3dc2ffa608141d6efb9bedc89.jpg,20221221-GX010110,2022-12-21,B,1700
20221221-GX010110_frame1720_jpg.rf.62073d55ebf97036d2422c8dc1483ad5.jpg,20221221-GX010110,2022-12-21,B,1720
20221221-GX010110_frame1740_jpg.rf.1cb1480fc6f137ad343b08da7b4ddd73.jpg,20221221-GX010110,2022-12-21,B,1740
20221221-GX010110_frame1760_jpg.rf.66caab896f97d814f592bb366342a9f6.jpg,20221221-GX010110,2022-12-21,B,1760
20221221-GX010110_frame1780_jpg.rf.582542155a6c4333217b857ecab93992.jpg,20221221-GX010110,2022-12-21,B,1780
20221221-GX010110_frame1800_jpg.rf.cbb3e60ea8989de7b0cbcbc54e168aa8.jpg,20221221-GX010110,2022-12-21,B,1800
20221221-GX010110_frame180_jpg.rf.3448fcc8bb04ad4efe6f6f58481044cf.jpg,20221221-GX010110,2022-12-21,B,180
20221221-GX010110_frame1820_jpg.rf.ee355c64a33ac94848cca6d91e41d98b.jpg,20221221-GX010110,2022-12-21,B,1820
20221221-GX010110_frame1840_jpg.rf.f199e8fdd5e881d3727639fb685e8089.jpg,20221221-GX010110,2022-12-21,B,1840
20221221-GX010110_frame1860_jpg.rf.453d15fe65150cd198196ca3e3b11dfe.jpg,20221221-GX010110,2022-12-21,B,1860
20221221-GX010110_frame1880_jpg.rf.6c51dbb29418dd88aae10e4101470f8d.jpg,20221221-GX010110,2022-12-21,B,1880
20221221-GX010110_frame1900_jpg.rf.539787404570583edaa679ff46bc51ff.jpg,20221221-GX010110,2022-12-21,B,1900
20221221-GX010110_frame1920_jpg.rf.0103272e0b93f6883442a045fb331953.jpg,20221221-GX010110,2022-12-21,B,1920
20221221-GX010110_frame1960_jpg.rf.54eacb9a39581dc7cf6d7e7faf169953.jpg,20221221-GX010110,2022-12-21,B,1960
20221221-GX010110_frame1980_jpg.rf.e95af60eb1bb19f7749e76e641ad16fb.jpg,20221221-GX010110,2022-12-21,B,1980
20221221-GX010110_frame2000_jpg.rf.47a7a967f96c2f7e40faa7a752b5af8a.jpg,20221221-GX010110,2022-12-21,B,2000
20221221-GX010110_frame200_jpg.rf.9c3b8474ff6d2fa30eb400bee5867f16.jpg,20221221-GX010110,2022-12-21,B,200
20221221-GX010110_frame2020_jpg.rf.e11ec9dce036ff5efd9539d0a01d98c6.jpg,20221221-GX010110,2022-12-21,B,2020
20221221-GX010110_frame2040_jpg.rf.1442461821deab137ab75d354599f842.jpg,20221221-GX010110,2022-12-21,B,2040
20221221-GX010110_frame2060_jpg.rf.619b376b49897f2fc60345dd98a8af52.jpg,20221221-GX010110,2022-12-21,B,2060
20221221-GX010110_frame20_jpg.rf.e98faf58a7fb251df588dfd68ae8965d.jpg,20221221-GX010110,2022-12-21,B,20
20221221-GX010110_frame2100_jpg.rf.feb233b103cf818a3ac9aa82135c9b94.jpg,20221221-GX010110,2022-12-21,B,2100
20221221-GX010110_frame2120_jpg.rf.f474c8ff3eec02a761939c4ab0f52a1e.jpg,20221221-GX010110,2022-12-21,B,2120
20221221-GX010110_frame2140_jpg.rf.e275af8623617a086c3ed296f720a148.jpg,20221221-GX010110,2022-12-21,B,2140
20221221-GX010110_frame2160_jpg.rf.d40e781dc730e858d44863023dd09ed3.jpg,20221221-GX010110,2022-12-21,B,2160
20221221-GX010110_frame2180_jpg.rf.3c72bd09ac5a21369e810bee8cb28dc6.jpg,20221221-GX010110,2022-12-21,B,2180
20221221-GX010110_frame2200_jpg.rf.5f5a42f53d8e45fa481826163020b19b.jpg,20221221-GX010110,2022-12-21,B,2200
20221221-GX010110_frame220_jpg.rf.f2662ea7d64bbfa5ccb1d64cb33dcee8.jpg,20221221-GX010110,2022-12-21,B,220
20221221-GX010110_frame2220_jpg.rf.71f0d361072959065b1a23f14847e124.jpg,20221221-GX010110,2022-12-21,B,2220
20221221-GX010110_frame2240_jpg.rf.a10b048b40e0612966202f5900a8193e.jpg,20221221-GX010110,2022-12-21,B,2240
20221221-GX010110_frame2260_jpg.rf.c81911a6b9c994f6fc136788e55e7e11.jpg,20221221-GX010110,2022-12-21,B,2260
20221221-GX010110_frame2280_jpg.rf.9e84f265c10bdcde74ca9c3a6ff04fed.jpg,20221221-GX010110,2022-12-21,B,2280
20221221-GX010110_frame2300_jpg.rf.a748ba4b08ee87308206aab510ec7fbf.jpg,20221221-GX010110,2022-12-21,B,2300
20221221-GX010110_frame2340_jpg.rf.c5b8bcf7038b772534b7c9f73c4ef48b.jpg,20221221-GX010110,2022-12-21,B,2340
20221221-GX010110_frame2360_jpg.rf.af864731c61f782554cb53de50545fe8.jpg,20221221-GX010110,2022-12-21,B,2360
20221221-GX010110_frame240_jpg.rf.dce1c15ff3620f78c7f2c9872551d20f.jpg,20221221-GX010110,2022-12-21,B,240
20221221-GX010110_frame2420_jpg.rf.cfccfd2203fb6570b020d28ae610e3d2.jpg,20221221-GX010110,2022-12-21,B,2420
20221221-GX010110_frame2440_jpg.rf.e24040dc9be55aee775dcf98a009bbcd.jpg,20221221-GX010110,2022-12-21,B,2440
20221221-GX010110_frame2460_jpg.rf.f7df70c0044648ea32d0edb57d87ff72.jpg,20221221-GX010110,2022-12-21,B,2460
20221221-GX010110_frame2480_jpg.rf.9915e148fcc46307deef7cff9f2d2715.jpg,20221221-GX010110,2022-12-21,B,2480
20221221-GX010110_frame2500_jpg.rf.401ebc602dda52c79fe1345ce676494d.jpg,20221221-GX010110,2022-12-21,B,2500
20221221-GX010110_frame2520_jpg.rf.f189eb466ce579be53b5b63455dae6ee.jpg,20221221-GX010110,2022-12-21,B,2520
20221221-GX010110_frame2540_jpg.rf.a180a45c2a48fc295d6882add3d5537b.jpg,20221221-GX010110,2022-12-21,B,2540
20221221-GX010110_frame2560_jpg.rf.0e5319f960db1a95ad2ceb70fd90eb78.jpg,20221221-GX010110,2022-12-21,B,2560
20221221-GX010110_frame2600_jpg.rf.7eab657b9c83336d0af07e485f9390ae.jpg,20221221-GX010110,2022-12-21,B,2600
20221221-GX010110_frame260_jpg.rf.27e5caa875df4374214e07a6ec815cf8.jpg,20221221-GX010110,2022-12-21,B,260
20221221-GX010110_frame2620_jpg.rf.7e677e2abbec83bd1e44e0b833d582d5.jpg,20221221-GX010110,2022-12-21,B,2620
20221221-GX010110_frame2640_jpg.rf.76581ae08c4ceb570a1900e095096211.jpg,20221221-GX010110,2022-12-21,B,2640
20221221-GX010110_frame2700_jpg.rf.894ba25356fa944e70e8881bdd471132.jpg,20221221-GX010110,2022-12-21,B,2700
20221221-GX010110_frame2720_jpg.rf.527de65ca558a353e64e682c0787cc4c.jpg,20221221-GX010110,2022-12-21,B,2720
20221221-GX010110_frame2740_jpg.rf.73583fa3be9cf381ca9264a4f11033b4.jpg,20221221-GX010110,2022-12-21,B,2740
20221221-GX010110_frame2760_jpg.rf.696fb41f164630c619f1fb9cde6ca51e.jpg,20221221-GX010110,2022-12-21,B,2760
20221221-GX010110_frame2780_jpg.rf.775c8af22907db55fe9775c954f0e3f0.jpg,20221221-GX010110,2022-12-21,B,2780
20221221-GX010110_frame2800_jpg.rf.ddd55915dceb39ccc230e4cd64252c69.jpg,20221221-GX010110,2022-12-21,B,2800
20221221-GX010110_frame280_jpg.rf.f12af7ab17b32e0d44b1ff4974d54be7.jpg,20221221-GX010110,2022-12-21,B,280
20221221-GX010110_frame2820_jpg.rf.6254eecbebd418a3a24f7abb56964465.jpg,20221221-GX010110,2022-12-21,B,2820
20221221-GX010110_frame2840_jpg.rf.dd6bf15296dee67c2c18612a10842592.jpg,20221221-GX010110,2022-12-21,B,2840
20221221-GX010110_frame2860_jpg.rf.54ddcd06c9545485c90e6c91f72b1e19.jpg,20221221-GX010110,2022-12-21,B,2860
20221221-GX010110_frame2880_jpg.rf.964b1cb607f1c3a4b1c201448172230f.jpg,20221221-GX010110,2022-12-21,B,2880
20221221-GX010110_frame2900_jpg.rf.eebbfc447f49c6863618d2b5ee9137f4.jpg,20221221-GX010110,2022-12-21,B,2900
20221221-GX010110_frame2920_jpg.rf.d0b215f6855d4090dc729c69f52e27b9.jpg,20221221-GX010110,2022-12-21,B,2920
20221221-GX010110_frame2940_jpg.rf.29f286b032dfd7fb0759dac87f12214f.jpg,20221221-GX010110,2022-12-21,B,2940
20221221-GX010110_frame2960_jpg.rf.a85766e7b09f1ce753095e9839bd85f8.jpg,20221221-GX010110,2022-12-21,B,2960
20221221-GX010110_frame2980_jpg.rf.a23522b28a38debd93e328cc31c6894a.jpg,20221221-GX010110,2022-12-21,B,2980
20221221-GX010110_frame3000_jpg.rf.cc7c564cfb034482626cd2744f45b4ea.jpg,20221221-GX010110,2022-12-21,B,3000
20221221-GX010110_frame300_jpg.rf.2b9754d85a5007457c5046161f5e4d35.jpg,20221221-GX010110,2022-12-21,B,300
20221221-GX010110_frame3020_jpg.rf.d8ca7a0ff30dd33ba9309cd3dbaff854.jpg,20221221-GX010110,2022-12-21,B,3020
20221221-GX010110_frame3040_jpg.rf.846985d61c6e1e940cc53ba6836f7c0c.jpg,20221221-GX010110,2022-12-21,B,3040
20221221-GX010110_frame3080_jpg.rf.56e9e16455ce3c3f276cc1783affea0a.jpg,20221221-GX010110,2022-12-21,B,3080
20221221-GX010110_frame3100_jpg.rf.af2dbb15ae21d3d03b0e4e36f863c06f.jpg,20221221-GX010110,2022-12-21,B,3100
20221221-GX010110_frame3140_jpg.rf.3cd7b7c472099c76d2decc7bd3a5c11e.jpg,20221221-GX010110,2022-12-21,B,3140
20221221-GX010110_frame3180_jpg.rf.44e0f0563d83400558143514def66af3.jpg,20221221-GX010110,2022-12-21,B,3180
20221221-GX010110_frame3200_jpg.rf.11dc204bb19c7c5ea5f30f9a6e6e8a65.jpg,20221221-GX010110,2022-12-21,B,3200
20221221-GX010110_frame3220_jpg.rf.cabb3f0066b5971c9857feb6fecd9f73.jpg,20221221-GX010110,2022-12-21,B,3220
20221221-GX010110_frame3240_jpg.rf.6de969c8dffb989033e4a7fe9af7ab66.jpg,20221221-GX010110,2022-12-21,B,3240
20221221-GX010110_frame3260_jpg.rf.e90cb046ae2c7f3ebf2b3a53c3dc5686.jpg,20221221-GX010110,2022-12-21,B,3260
20221221-GX010110_frame3320_jpg.rf.6572c3d760015724c98afede80da3fd3.jpg,20221221-GX010110,2022-12-21,B,3320
20221221-GX010110_frame3340_jpg.rf.49e2a14ba617ff3a8ed2cada6dbf59c1.jpg,20221221-GX010110,2022-12-21,B,3340
20221221-GX010110_frame3360_jpg.rf.539d77cca0104af3c000d269b5fa6595.jpg,20221221-GX010110,2022-12-21,B,3360
20221221-GX010110_frame3380_jpg.rf.46e0ea4afcbb702ab746d364c1fb5f58.jpg,20221221-GX010110,2022-12-21,B,3380
20221221-GX010110_frame3400_jpg.rf.8bc9a44be2441f6893fa25391aa7aad9.jpg,20221221-GX010110,2022-12-21,B,3400
20221221-GX010110_frame340_jpg.rf.4379324843736dbe48496c68c35a0851.jpg,20221221-GX010110,2022-12-21,B,340
20221221-GX010110_frame3420_jpg.rf.51857b3376712ef4a773e57b4c194d76.jpg,20221221-GX010110,2022-12-21,B,3420
20221221-GX010110_frame3440_jpg.rf.145ea2c9dfba44ab8e56e1637193fb75.jpg,20221221-GX010110,2022-12-21,B,3440
20221221-GX010110_frame3500_jpg.rf.4b7f2ee901b121fef6dc632b7c8e191f.jpg,20221221-GX010110,2022-12-21,B,3500
20221221-GX010110_frame3520_jpg.rf.ac6e6c2ebd5114d12ff6be380084b6f5.jpg,20221221-GX010110,2022-12-21,B,3520
20221221-GX010110_frame3540_jpg.rf.e87e2be07d29bcb74c06a518894e3022.jpg,20221221-GX010110,2022-12-21,B,3540
20221221-GX010110_frame3560_jpg.rf.5b7df700a27e6ece570b9a9edfa5cd7e.jpg,20221221-GX010110,2022-12-21,B,3560
20221221-GX010110_frame3580_jpg.rf.9096a1055146fbf97f4b6f141500634e.jpg,20221221-GX010110,2022-12-21,B,3580
20221221-GX010110_frame3600_jpg.rf.b5a2584e2881c14e958855612c13d050.jpg,20221221-GX010110,2022-12-21,B,3600
20221221-GX010110_frame3620_jpg.rf.bf0dd9677fadd3d1d1ef30d6445b57e5.jpg,20221221-GX010110,2022-12-21,B,3620
20221221-GX010110_frame3640_jpg.rf.932e5175974099b1df0607afb974acf5.jpg,20221221-GX010110,2022-12-21,B,3640
20221221-GX010110_frame380_jpg.rf.15edb98396eef394e05bb2af215ba434.jpg,20221221-GX010110,2022-12-21,B,380
20221221-GX010110_frame400_jpg.rf.fb0841b3b65e6e6eb992d6deec255daf.jpg,20221221-GX010110,2022-12-21,B,400
20221221-GX010110_frame40_jpg.rf.8fad6ac5f8bee65b26c354dd63cc16d3.jpg,20221221-GX010110,2022-12-21,B,40
20221221-GX010110_frame420_jpg.rf.d4c2179b4770a80d92fde4bd96f0c127.jpg,20221221-GX010110,2022-12-21,B,420
20221221-GX010110_frame440_jpg.rf.1971f13bef27fa308d0de69be6fb373b.jpg,20221221-GX010110,2022-12-21,B,440
20221221-GX010110_frame460_jpg.rf.b57ca9cd4285f7d593fb5e40ae1e4b06.jpg,20221221-GX010110,2022-12-21,B,460
20221221-GX010110_frame480_jpg.rf.600a3dadfc23e959c08252021189e642.jpg,20221221-GX010110,2022-12-21,B,480
20221221-GX010110_frame500_jpg.rf.aef2dea2123931d742df02b3c0ae6681.jpg,20221221-GX010110,2022-12-21,B,500
20221221-GX010110_frame520_jpg.rf.501e96b2a9adb3bc8c0189b998623444.jpg,20221221-GX010110,2022-12-21,B,520
20221221-GX010110_frame540_jpg.rf.47323af86143048c2b5cad6021104782.jpg,20221221-GX010110,2022-12-21,B,540
20221221-GX010110_frame560_jpg.rf.5eafbde73853762446ec7d0950a4e58f.jpg,20221221-GX010110,2022-12-21,B,560
20221221-GX010110_frame580_jpg.rf.60e18bec9e588288ae556b69de443915.jpg,20221221-GX010110,2022-12-21,B,580
20221221-GX010110_frame600_jpg.rf.35420b3ff8338c100632987ac3ccf6ad.jpg,20221221-GX010110,2022-12-21,B,600
20221221-GX010110_frame60_jpg.rf.028ec39db1b3b55984a4e2ec44b01f28.jpg,20221221-GX010110,2022-12-21,B,60
20221221-GX010110_frame640_jpg.rf.7b98b88b38ac4f220c244f3c5e53bbdd.jpg,20221221-GX010110,2022-12-21,B,640
20221221-GX010110_frame660_jpg.rf.20010e41d736421cb463405e9e4f6d4b.jpg,20221221-GX010110,2022-12-21,B,660
20221221-GX010110_frame680_jpg.rf.8e71b5689b16957bb40db02eb2087304.jpg,20221221-GX010110,2022-12-21,B,680
20221221-GX010110_frame700_jpg.rf.a419730f021680b6fce8c08664e6496f.jpg,20221221-GX010110,2022-12-21,B,700
20221221-GX010110_frame720_jpg.rf.6c1622b7aafec98d75fbd3e9a32a3240.jpg,20221221-GX010110,2022-12-21,B,720
20221221-GX010110_frame740_jpg.rf.ecdffce6f77420b6d159afab679c9d2e.jpg,20221221-GX010110,2022-12-21,B,740
20221221-GX010110_frame760_jpg.rf.1c2bc653a602654812c3af84442d63b2.jpg,20221221-GX010110,2022-12-21,B,760
20221221-GX010110_frame780_jpg.rf.b71724e46704448aab62a95b7845f509.jpg,20221221-GX010110,2022-12-21,B,780
20221221-GX010110_frame800_jpg.rf.fdfee79cb9a7560e3bbd699727c54c8e.jpg,20221221-GX010110,2022-12-21,B,800
20221221-GX010110_frame80_jpg.rf.5f86f80653435ae699ca09b112b8aea8.jpg,20221221-GX010110,2022-12-21,B,80
20221221-GX010110_frame820_jpg.rf.28b67a214db7700183a9f62d4e3fbb89.jpg,20221221-GX010110,2022-12-21,B,820
20221221-GX010110_frame840_jpg.rf.d5bf6ba59346cf96b6c5cf85e1449994.jpg,20221221-GX010110,2022-12-21,B,840
20221221-GX010110_frame860_jpg.rf.ac25e8885adbe577482b162484acb107.jpg,20221221-GX010110,2022-12-21,B,860
20221221-GX010110_frame880_jpg.rf.ab16b65c4152b1e77ed030e706adf85e.jpg,20221221-GX010110,2022-12-21,B,880
20221221-GX010110_frame900_jpg.rf.d7466aec1ca3c5cdf67b5604833a86ae.jpg,20221221-GX010110,2022-12-21,B,900
20221221-GX010110_frame940_jpg.rf.f04b42a17879bb70f359f40a8780b608.jpg,20221221-GX010110,2022-12-21,B,940
20221221-GX010110_frame960_jpg.rf.9024732535d03d9fd8bcd8a5eacc99b2.jpg,20221221-GX010110,2022-12-21,B,960
20221221-GX010110_frame980_jpg.rf.08e9e47afea8fd07a1819df556996cde.jpg,20221221-GX010110,2022-12-21,B,980
20221227-GX010163_frame0_jpg.rf.21e6c272efbbe66827fe6319521414e1.jpg,20221227-GX010163,2022-12-27,A,0
20221227-GX010163_frame1000_jpg.rf.17002fb7bb3f15e51125e266e17a1861.jpg,20221227-GX010163,2022-12-27,A,1000
20221227-GX010163_frame100_jpg.rf.740d2efb71f1c889e15d979c6a3b93e5.jpg,20221227-GX010163,2022-12-27,A,100
20221227-GX010163_frame1020_jpg.rf.ec18e551065caed655fbec7d18372bf4.jpg,20221227-GX010163,2022-12-27,A,1020
20221227-GX010163_frame1040_jpg.rf.d86988d4aa141f322946b5e16b2095cb.jpg,20221227-GX010163,2022-12-27,A,1040
20221227-GX010163_frame1060_jpg.rf.dc46bdd60e93316ec36a13746c798d2c.jpg,20221227-GX010163,2022-12-27,A,1060
20221227-GX010163_frame1080_jpg.rf.2f7086bc412ec04890190be2061c7a88.jpg,20221227-GX010163,2022-12-27,A,1080
20221227-GX010163_frame1100_jpg.rf.815bfa57c01bc1ebf4113fe5acf77e50.jpg,20221227-GX010163,2022-12-27,A,1100
20221227-GX010163_frame1120_jpg.rf.2c129bb490625b6bf6fc3adaa2581694.jpg,20221227-GX010163,2022-12-27,A,1120
20221227-GX010163_frame1140_jpg.rf.d2a4a80c18a5d972e2426c672f20dc3a.jpg,20221227-GX010163,2022-12-27,A,1140
20221227-GX010163_frame1160_jpg.rf.4b5efbc0b36be81edf49a1b4536135dd.jpg,20221227-GX010163,2022-12-27,A,1160
20221227-GX010163_frame1180_jpg.rf.8054291224cf5f5bd648408fd85a2fd6.jpg,20221227-GX010163,2022-12-27,A,1180
20221227-GX010163_frame1200_jpg.rf.c6c5e1c489e6c5ca7973639d3fa31200.jpg,20221227-GX010163,2022-12-27,A,1200
20221227-GX010163_frame120_jpg.rf.d0f15ddc33b4c6edbaaafa7b22ac763d.jpg,20221227-GX010163,2022-12-27,A,120
20221227-GX010163_frame1220_jpg.rf.3e15e4dd124dba7bab7dbcb315dde13c.jpg,20221227-GX010163,2022-12-27,A,1220
20221227-GX010163_frame1240_jpg.rf.c70f71c1d9b93f1c7dec11178656bf69.jpg,20221227-GX010163,2022-12-27,A,1240
20221227-GX010163_frame1260_jpg.rf.9fd11b1428f540b81d7a87f08a371ea6.jpg,20221227-GX010163,2022-12-27,A,1260
20221227-GX010163_frame1340_jpg.rf.272157805c3f27eff91dd81fc8c4686d.jpg,20221227-GX010163,2022-12-27,A,1340
20221227-GX010163_frame1360_jpg.rf.3b83c0e30095287ec1659f8f9b30f879.jpg,20221227-GX010163,2022-12-27,A,1360
20221227-GX010163_frame1380_jpg.rf.ce2ac311adb7bf95c05f6dca5e7fa487.jpg,20221227-GX010163,2022-12-27,A,1380
20221227-GX010163_frame140_jpg.rf.c349c48935bf625db726c7cc240e3019.jpg,20221227-GX010163,2022-12-27,A,140
20221227-GX010163_frame1420_jpg.rf.03272a8f1ea1cce87fd7792d4315d273.jpg,20221227-GX010163,2022-12-27,A,1420
20221227-GX010163_frame160_jpg.rf.6121c1faf0b9c3b8ca3273e2c574a7e0.jpg,20221227-GX010163,2022-12-27,A,160
20221227-GX010163_frame180_jpg.rf.95a8c3ce9302cffce76684a4db1b88a1.jpg,20221227-GX010163,2022-12-27,A,180
20221227-GX010163_frame200_jpg.rf.fa71a8f5a5608d588515fdbf1a2bcb9e.jpg,20221227-GX010163,2022-12-27,A,200
20221227-GX010163_frame20_jpg.rf.31db0218fa882d541031c46f529a4ec7.jpg,20221227-GX010163,2022-12-27,A,20
20221227-GX010163_frame240_jpg.rf.8293ea580aeb7bcd1f41ce8a67096357.jpg,20221227-GX010163,2022-12-27,A,240
20221227-GX010163_frame260_jpg.rf.a369336bda78615d9dd2d82027571b02.jpg,20221227-GX010163,2022-12-27,A,260
20221227-GX010163_frame300_jpg.rf.0d533dbfd5b64c429c5a178a3eed9294.jpg,20221227-GX010163,2022-12-27,A,300
20221227-GX010163_frame320_jpg.rf.53af37e90d5e6377a8c87464630f764e.jpg,20221227-GX010163,2022-12-27,A,320
20221227-GX010163_frame340_jpg.rf.1a9bfc5f39fc0fd46a2970846949ce53.jpg,20221227-GX010163,2022-12-27,A,340
20221227-GX010163_frame360_jpg.rf.87d592306f94e17fff88fa3304ae4ab7.jpg,20221227-GX010163,2022-12-27,A,360
20221227-GX010163_frame380_jpg.rf.df8fbcc0b70bfcef9967c55d3debc3f5.jpg,20221227-GX010163,2022-12-27,A,380
20221227-GX010163_frame400_jpg.rf.c56aba2cd16b299b785c43fb7bc3a64e.jpg,20221227-GX010163,2022-12-27,A,400
20221227-GX010163_frame40_jpg.rf.33ea7ffe0ec6813933c13cd9e1d9bcf5.jpg,20221227-GX010163,2022-12-27,A,40
20221227-GX010163_frame420_jpg.rf.7f87f07c45a7808a9317e04dea9166c5.jpg,20221227-GX010163,2022-12-27,A,420
20221227-GX010163_frame440_jpg.rf.ceee761588e70cfcbc5bb98f0d3a5985.jpg,20221227-GX010163,2022-12-27,A,440
20221227-GX010163_frame460_jpg.rf.6001efe24ef35edce292457ee5493e90.jpg,20221227-GX010163,2022-12-27,A,460
20221227-GX010163_frame480_jpg.rf.4ff99426f2f5b9f7d1b0a34533f70d09.jpg,20221227-GX010163,2022-12-27,A,480
20221227-GX010163_frame500_jpg.rf.242d7fdc154b3e7df506dfcc5ac064db.jpg,20221227-GX010163,2022-12-27,A,500
20221227-GX010163_frame520_jpg.rf.fe6314b1f23ab2c059882a7f47d82a0d.jpg,20221227-GX010163,2022-12-27,A,520
20221227-GX010163_frame560_jpg.rf.c96e1b27735c11b508636126b9c2dc88.jpg,20221227-GX010163,2022-12-27,A,560
20221227-GX010163_frame580_jpg.rf.3dac80b56317439940ca73f5370dc4c9.jpg,20221227-GX010163,2022-12-27,A,580
20221227-GX010163_frame620_jpg.rf.228f20ec84c749d69e762201fbdf42ab.jpg,20221227-GX010163,2022-12-27,A,620
20221227-GX010163_frame640_jpg.rf.3b01b8f11f92f84807845d17e62ed71d.jpg,20221227-GX010163,2022-12-27,A,640
20221227-GX010163_frame660_jpg.rf.351c1ed46fdc9bc13231189b7f4a1c3a.jpg,20221227-GX010163,2022-12-27,A,660
20221227-GX010163_frame680_jpg.rf.9f2ab78f3d85a46da682530d4cb0ee82.jpg,20221227-GX010163,2022-12-27,A,680
20221227-GX010163_frame700_jpg.rf.86895049311ff57f6bc663651b9106b6.jpg,20221227-GX010163,2022-12-27,A,700
20221227-GX010163_frame720_jpg.rf.033bf7eb48ffa336052375eba1008ef3.jpg,20221227-GX010163,2022-12-27,A,720
20221227-GX010163_frame740_jpg.rf.0c73d41a475ecc24509f70c00df20596.jpg,20221227-GX010163,2022-12-27,A,740
20221227-GX010163_frame760_jpg.rf.4b83383a230f87283cb4e1166613ef68.jpg,20221227-GX010163,2022-12-27,A,760
20221227-GX010163_frame780_jpg.rf.a1d2901e8f56d54c889fc5e1189c31c7.jpg,20221227-GX010163,2022-12-27,A,780
20221227-GX010163_frame800_jpg.rf.dde55068e805bf687f6cf1a81e40fc93.jpg,20221227-GX010163,2022-12-27,A,800
20221227-GX010163_frame80_jpg.rf.67b707a1e10a4b142125202cd78fdf75.jpg,20221227-GX010163,2022-12-27,A,80
20221227-GX010163_frame840_jpg.rf.497f4ab7d8ed59db74f6f44e1c2dea7f.jpg,20221227-GX010163,2022-12-27,A,840
20221227-GX010163_frame860_jpg.rf.0629c420cd1b16ba3171b6c245a7c5cf.jpg,20221227-GX010163,2022-12-27,A,860
20221227-GX010163_frame880_jpg.rf.3fb0e9354bab26c7642c719a8e0c7aa6.jpg,20221227-GX010163,2022-12-27,A,880
20221227-GX010163_frame900_jpg.rf.958656d2742decad0258bcfafe5c1143.jpg,20221227-GX010163,2022-12-27,A,900
20221227-GX010163_frame920_jpg.rf.82467308c10d93f9dd3826a48fd88c04.jpg,20221227-GX010163,2022-12-27,A,920
20221227-GX010163_frame960_jpg.rf.cb0a5a7a5502048b209dcb71c8422eaf.jpg,20221227-GX010163,2022-12-27,A,960
20221227-GX010170_frame0_jpg.rf.2ca719924bc9f217ed6944c2c317e38b.jpg,20221227-GX010170,2022-12-27,B,0
20221227-GX010170_frame1000_jpg.rf.ba26872e20a65f60973bf38b7bdd4705.jpg,20221227-GX010170,2022-12-27,B,1000
20221227-GX010170_frame100_jpg.rf.4668900439985db3299f198b1849ff45.jpg,20221227-GX010170,2022-12-27,B,100
20221227-GX010170_frame1020_jpg.rf.27ad1a0576a60ce0c321968393896566.jpg,20221227-GX010170,2022-12-27,B,1020
20221227-GX010170_frame1040_jpg.rf.99070d7f317dea04b124d7be057b1dd3.jpg,20221227-GX010170,2022-12-27,B,1040
20221227-GX010170_frame1060_jpg.rf.f4dbf986e33e5f91685ee02b1cffa862.jpg,20221227-GX010170,2022-12-27,B,1060
20221227-GX010170_frame1080_jpg.rf.c3e08c7901999009d8538db1fb9e00ce.jpg,20221227-GX010170,2022-12-27,B,1080
20221227-GX010170_frame1100_jpg.rf.22f87c665b9271105d7c5e0f8fcd653e.jpg,20221227-GX010170,2022-12-27,B,1100
20221227-GX010170_frame1120_jpg.rf.ac20da64e4cb08fb0e9273dd85a85984.jpg,20221227-GX010170,2022-12-27,B,1120
20221227-GX010170_frame1140_jpg.rf.97658f233730761095f888df84e4f174.jpg,20221227-GX010170,2022-12-27,B,1140
20221227-GX010170_frame1160_jpg.rf.15a0d0fd6081c375898a51625a801bbe.jpg,20221227-GX010170,2022-12-27,B,1160
20221227-GX010170_frame1180_jpg.rf.dbf4ac84d9deb36daf8e484f99136038.jpg,20221227-GX010170,2022-12-27,B,1180
20221227-GX010170_frame1200_jpg.rf.75eac1966e003f9fbb9c8a8050cd097c.jpg,20221227-GX010170,2022-12-27,B,1200
20221227-GX010170_frame1220_jpg.rf.b67a520d48b6a758542875b83e0bfed7.jpg,20221227-GX010170,2022-12-27,B,1220
20221227-GX010170_frame1240_jpg.rf.e8af44881b6cb94cb92dcb851808636e.jpg,20221227-GX010170,2022-12-27,B,1240
20221227-GX010170_frame1260_jpg.rf.b5a689df9b164b445fb2dc4e7270a593.jpg,20221227-GX010170,2022-12-27,B,1260
20221227-GX010170_frame1280_jpg.rf.9fd36b1d516f21a99953a6af71e3faf3.jpg,20221227-GX010170,2022-12-27,B,1280
20221227-GX010170_frame1300_jpg.rf.b46dcbc2e7dfd1e1b7e5247bc2848b23.jpg,20221227-GX010170,2022-12-27,B,1300
20221227-GX010170_frame1340_jpg.rf.5c0ab86f4acf6d6b1967fb76d7aecc82.jpg,20221227-GX010170,2022-12-27,B,1340
20221227-GX010170_frame1380_jpg.rf.986f7aaf6e0a8389679e233b7a6c7ca3.jpg,20221227-GX010170,2022-12-27,B,1380
20221227-GX010170_frame1400_jpg.rf.5482ce4f2c0a18d5d9debb77b1195ac6.jpg,20221227-GX010170,2022-12-27,B,1400
20221227-GX010170_frame140_jpg.rf.c8c0ae7bfeb6aec3a735feff581c2822.jpg,20221227-GX010170,2022-12-27,B,140
20221227-GX010170_frame1420_jpg.rf.d24fed1e0072fa359973376579b22036.jpg,20221227-GX010170,2022-12-27,B,1420
20221227-GX010170_frame1460_jpg.rf.7156996a9f5658c336260497f49356b6.jpg,20221227-GX010170,2022-12-27,B,1460
20221227-GX010170_frame1480_jpg.rf.5e53a7ed66117fa7674e8af73566a1dd.jpg,20221227-GX010170,2022-12-27,B,1480
20221227-GX010170_frame1500_jpg.rf.912d3d2496b78bfd30f4c715806da091.jpg,20221227-GX010170,2022-12-27,B,1500
20221227-GX010170_frame160_jpg.rf.3f5e0bec1bb5935813426a9ec3b94e9e.jpg,20221227-GX010170,2022-12-27,B,160
20221227-GX010170_frame180_jpg.rf.33d7b9969dbcc4dbfd320676ecc736bd.jpg,20221227-GX010170,2022-12-27,B,180
20221227-GX010170_frame200_jpg.rf.78d41fba8fed3cf1cc451e1e0dafdac0.jpg,20221227-GX010170,2022-12-27,B,200
20221227-GX010170_frame20_jpg.rf.f31ca7625f709cd0de6a5017d8bcc022.jpg,20221227-GX010170,2022-12-27,B,20
20221227-GX010170_frame220_jpg.rf.8d6cefdee836c14c52cf1082856f67eb.jpg,20221227-GX010170,2022-12-27,B,220
20221227-GX010170_frame240_jpg.rf.c3da9e8cfb53bd8a2f5c755ce7e8f04c.jpg,20221227-GX010170,2022-12-27,B,240
20221227-GX010170_frame260_jpg.rf.249726ac7456c72144a1e64a44f8ba44.jpg,20221227-GX010170,2022-12-27,B,260
20221227-GX010170_frame300_jpg.rf.57783c87690a704334fdfa64b1d6ab54.jpg,20221227-GX010170,2022-12-27,B,300
20221227-GX010170_frame340_jpg.rf.ace9c5136e72a049a180395c3a2080f0.jpg,20221227-GX010170,2022-12-27,B,340
20221227-GX010170_frame360_jpg.rf.04086983e4a69e0f7ec5aca407c3bc89.jpg,20221227-GX010170,2022-12-27,B,360
20221227-GX010170_frame380_jpg.rf.3fad94db049f671a950b4300ec04b303.jpg,20221227-GX010170,2022-12-27,B,380
20221227-GX010170_frame400_jpg.rf.d3eb37d1df751ca23a70e6888e755e21.jpg,20221227-GX010170,2022-12-27,B,400
20221227-GX010170_frame420_jpg.rf.0c740fa9960757f38b4c5e8cf75fab17.jpg,20221227-GX010170,2022-12-27,B,420
20221227-GX010170_frame440_jpg.rf.d4a1146527a76570dc5eadc876ac8b4b.jpg,20221227-GX010170,2022-12-27,B,440
20221227-GX010170_frame460_jpg.rf.6700ce0485004a6d34fe5eebbcf06cea.jpg,20221227-GX010170,2022-12-27,B,460
20221227-GX010170_frame480_jpg.rf.9b2af8dbb3821c18bb03bba92ece8fdd.jpg,20221227-GX010170,2022-12-27,B,480
20221227-GX010170_frame500_jpg.rf.28344b1529e3904bc87cd40402a46170.jpg,20221227-GX010170,2022-12-27,B,500
20221227-GX010170_frame520_jpg.rf.71518c83fab13a5219579beda640342b.jpg,20221227-GX010170,2022-12-27,B,520
20221227-GX010170_frame540_jpg.rf.23ab68881acd1d8fc66e12268b707213.jpg,20221227-GX010170,2022-12-27,B,540
20221227-GX010170_frame560_jpg.rf.bbe166b903d94369d94b11da65d4dd35.jpg,20221227-GX010170,2022-12-27,B,560
20221227-GX010170_frame580_jpg.rf.f0248433de127252154c9a04b3570fca.jpg,20221227-GX010170,2022-12-27,B,580
20221227-GX010170_frame600_jpg.rf.a3d793bef284765d14b790b2832fdff5.jpg,20221227-GX010170,2022-12-27,B,600
20221227-GX010170_frame60_jpg.rf.644a2be888ddedc87ed79a00ca859d93.jpg,20221227-GX010170,2022-12-27,B,60
20221227-GX010170_frame640_jpg.rf.028bf6c784627c66ea8cf0f2713718d5.jpg,20221227-GX010170,2022-12-27,B,640
20221227-GX010170_frame660_jpg.rf.e2c31b9cc548b7e552a3d51e65e5fa7d.jpg,20221227-GX010170,2022-12-27,B,660
20221227-GX010170_frame680_jpg.rf.5f66720ba021f21b04ced2e300424e8e.jpg,20221227-GX010170,2022-12-27,B,680
20221227-GX010170_frame700_jpg.rf.97061e98eddf53f7bd297744760e6764.jpg,20221227-GX010170,2022-12-27,B,700
20221227-GX010170_frame720_jpg.rf.002512229bc8079ebcf0c5e9147472f2.jpg,20221227-GX010170,2022-12-27,B,720
20221227-GX010170_frame780_jpg.rf.29fa29a467d7df8263c1463d6abd963c.jpg,20221227-GX010170,2022-12-27,B,780
20221227-GX010170_frame800_jpg.rf.0f15a99eff8bfa1716b7db46347b055e.jpg,20221227-GX010170,2022-12-27,B,800
20221227-GX010170_frame820_jpg.rf.87981171d1686392ab4bfc500107e26a.jpg,20221227-GX010170,2022-12-27,B,820
20221227-GX010170_frame840_jpg.rf.e3f0d4dad9c89b3fc07618a6d6e8e394.jpg,20221227-GX010170,2022-12-27,B,840
20221227-GX010170_frame860_jpg.rf.0b34a74b3b7e663b0921d52d9ecd50f3.jpg,20221227-GX010170,2022-12-27,B,860
20221227-GX010170_frame880_jpg.rf.f5a5149615cce28a85d10877f17affef.jpg,20221227-GX010170,2022-12-27,B,880
20221227-GX010170_frame900_jpg.rf.4382fb43827d2cc5f23339ef27c6077b.jpg,20221227-GX010170,2022-12-27,B,900
20221227-GX010170_frame920_jpg.rf.2e2572537bdf64365445ac808997bce9.jpg,20221227-GX010170,2022-12-27,B,920
20221227-GX010170_frame940_jpg.rf.dbf38aef29285579b7c66755fec644d5.jpg,20221227-GX010170,2022-12-27,B,940
20221227-GX010170_frame960_jpg.rf.95b9d880dabf289f1b420d336fa1702d.jpg,20221227-GX010170,2022-12-27,B,960
20221227-GX010170_frame980_jpg.rf.d5d0df9f5148a9bedd9aa55df63b3e38.jpg,20221227-GX010170,2022-12-27,B,980
20230103-GX010189_frame0_jpg.rf.2d4d98363e5abab5344e184c5f5dfdfc.jpg,20230103-GX010189,2023-01-03,A,0
20230103-GX010189_frame1000_jpg.rf.17cd1beee6664a2b60ceed0d798511ae.jpg,20230103-GX010189,2023-01-03,A,1000
20230103-GX010189_frame100_jpg.rf.e7f07a4b9c48a90fca73040f749d9679.jpg,20230103-GX010189,2023-01-03,A,100
20230103-GX010189_frame1020_jpg.rf.916e3b39e1ad044e2937d39426fcea83.jpg,20230103-GX010189,2023-01-03,A,1020
20230103-GX010189_frame1060_jpg.rf.992c822d8f61d6295e2f0e5cf8f9dfd2.jpg,20230103-GX010189,2023-01-03,A,1060
20230103-GX010189_frame1080_jpg.rf.1b020eaf64f9c086533b307271977880.jpg,20230103-GX010189,2023-01-03,A,1080
20230103-GX010189_frame1100_jpg.rf.f5ffe5bb66f39462575d2218e797b344.jpg,20230103-GX010189,2023-01-03,A,1100
20230103-GX010189_frame1120_jpg.rf.432424ea7ecfc3ab862ac97b6f7c2041.jpg,20230103-GX010189,2023-01-03,A,1120
20230103-GX010189_frame1140_jpg.rf.e3ab27013e466ca6142da7ef78f4f641.jpg,20230103-GX010189,2023-01-03,A,1140
20230103-GX010189_frame1160_jpg.rf.08094c750d52879697dc03c6071a35a1.jpg,20230103-GX010189,2023-01-03,A,1160
20230103-GX010189_frame1180_jpg.rf.fbd0f3295400239a212f5630db9b7ec9.jpg,20230103-GX010189,2023-01-03,A,1180
20230103-GX010189_frame120_jpg.rf.c2a9161efc43e11694dd2addc9c38803.jpg,20230103-GX010189,2023-01-03,A,120
20230103-GX010189_frame1240_jpg.rf.fdd01820ebef36b3865d7320a6f088fb.jpg,20230103-GX010189,2023-01-03,A,1240
20230103-GX010189_frame1260_jpg.rf.109b0e25d7d0992305a8dfc8911e163e.jpg,20230103-GX010189,2023-01-03,A,1260
20230103-GX010189_frame1280_jpg.rf.d92ce7eec5482f8f0193f3d99533f44d.jpg,20230103-GX010189,2023-01-03,A,1280
20230103-GX010189_frame1300_jpg.rf.1d3fbdfcfdd5160f2b55cde0c7eafa88.jpg,20230103-GX010189,2023-01-03,A,1300
20230103-GX010189_frame1320_jpg.rf.f5af42e7d0f51d9730c64b9431b65119.jpg,20230103-GX010189,2023-01-03,A,1320
20230103-GX010189_frame1340_jpg.rf.747086a44cb986d481e88c779632e9e1.jpg,20230103-GX010189,2023-01-03,A,1340
20230103-GX010189_frame1360_jpg.rf.d356e8de6df5c77b9fef818866572823.jpg,20230103-GX010189,2023-01-03,A,1360
20230103-GX010189_frame1380_jpg.rf.2723b6f9b664d52ce578c784e35eebc2.jpg,20230103-GX010189,2023-01-03,A,1380
20230103-GX010189_frame1400_jpg.rf.548a5479a40000868ac83447e954e8e3.jpg,20230103-GX010189,2023-01-03,A,1400
20230103-GX010189_frame140_jpg.rf.0e3449381087f5718628242c17770dc1.jpg,20230103-GX010189,2023-01-03,A,140
20230103-GX010189_frame1420_jpg.rf.d64555cea32a8f39cffe6c1328d8a4e8.jpg,20230103-GX010189,2023-01-03,A,1420
20230103-GX010189_frame1440_jpg.rf.2c6283df29cc694e73cb79895d807de6.jpg,20230103-GX010189,2023-01-03,A,1440
20230103-GX010189_frame1460_jpg.rf.4310e52a2257c7d7a8941c0891ac1951.jpg,20230103-GX010189,2023-01-03,A,1460
20230103-GX010189_frame1480_jpg.rf.1e8f601cd17378d96d72cc48d7e4e295.jpg,20230103-GX010189,2023-01-03,A,1480
20230103-GX010189_frame1500_jpg.rf.ec4c6ae7008c91cd46e4645580a605a2.jpg,20230103-GX010189,2023-01-03,A,1500
20230103-GX010189_frame1520_jpg.rf.0b884bd5d209d61d5409473d03f802fc.jpg,20230103-GX010189,2023-01-03,A,1520
20230103-GX010189_frame1540_jpg.rf.16bc4b563d114159ed7c001a80934248.jpg,20230103-GX010189,2023-01-03,A,1540
20230103-GX010189_frame1560_jpg.rf.f46cc3bbc333d9f92e6bde9a809dbb28.jpg,20230103-GX010189,2023-01-03,A,1560
20230103-GX010189_frame1580_jpg.rf.49ac95ea6559aa6efaa3df9468d6f5f0.jpg,20230103-GX010189,2023-01-03,A,1580
20230103-GX010189_frame1600_jpg.rf.13d13590606d3e79af16593d0a794cbb.jpg,20230103-GX010189,2023-01-03,A,1600
20230103-GX010189_frame160_jpg.rf.44cd48b183b58191e953adee95e871d0.jpg,20230103-GX010189,2023-01-03,A,160
20230103-GX010189_frame1620_jpg.rf.c3684bf109b8558c50323645c8f6c3cc.jpg,20230103-GX010189,2023-01-03,A,1620
20230103-GX010189_frame1640_jpg.rf.993871fbd38e1cd91591c9b7afc2b90a.jpg,20230103-GX010189,2023-01-03,A,1640
20230103-GX010189_frame1660_jpg.rf.e7dc89465cb189fc7d9583beb5000d9c.jpg,20230103-GX010189,2023-01-03,A,1660
20230103-GX010189_frame180_jpg.rf.f4a07281c55f2b1615087fdb77ce9c0f.jpg,20230103-GX010189,2023-01-03,A,180
20230103-GX010189_frame200_jpg.rf.3e89534472dfcb0afe368eeb569d1501.jpg,20230103-GX010189,2023-01-03,A,200
20230103-GX010189_frame20_jpg.rf.49d822d6f7df904eda9531bdb5cb72ae.jpg,20230103-GX010189,2023-01-03,A,20
20230103-GX010189_frame220_jpg.rf.d8c1db1a121ec16a8ff2a121ec098edd.jpg,20230103-GX010189,2023-01-03,A,220
20230103-GX010189_frame240_jpg.rf.3f87012c07a86fc84366ef3f4351017e.jpg,20230103-GX010189,2023-01-03,A,240
20230103-GX010189_frame260_jpg.rf.d2fa3d7d6de5fbacdec085dde8e6999d.jpg,20230103-GX010189,2023-01-03,A,260
20230103-GX010189_frame280_jpg.rf.cd1e0a74eeb16ac8a0901b6b78629775.jpg,20230103-GX010189,2023-01-03,A,280
20230103-GX010189_frame300_jpg.rf.78d584559876e6f03a78113a08590491.jpg,20230103-GX010189,2023-01-03,A,300
20230103-GX010189_frame320_jpg.rf.dea68e5fe8ca66e85e38c59246f0780e.jpg,20230103-GX010189,2023-01-03,A,320
20230103-GX010189_frame340_jpg.rf.b5b39d20a44084a12189a3a79df3e085.jpg,20230103-GX010189,2023-01-03,A,340
20230103-GX010189_frame360_jpg.rf.1e8fc21aedf9e733e8f545f7ebf78b65.jpg,20230103-GX010189,2023-01-03,A,360
20230103-GX010189_frame380_jpg.rf.3394831f38766eb6a5b6320bac28c13e.jpg,20230103-GX010189,2023-01-03,A,380
20230103-GX010189_frame400_jpg.rf.8a5f87bb3a9652bf8381101be2bad436.jpg,20230103-GX010189,2023-01-03,A,400
20230103-GX010189_frame40_jpg.rf.9c706d3d0b232aa3533840eba531d1dd.jpg,20230103-GX010189,2023-01-03,A,40
20230103-GX010189_frame420_jpg.rf.d79ab043d613e763a2852c0454e2cd97.jpg,20230103-GX010189,2023-01-03,A,420
20230103-GX010189_frame440_jpg.rf.a8174ad188771dee31ca1c463fe8c0de.jpg,20230103-GX010189,2023-01-03,A,440
20230103-GX010189_frame460_jpg.rf.63cd057c2526ad68a104c520edd8cd25.jpg,20230103-GX010189,2023-01-03,A,460
20230103-GX010189_frame540_jpg.rf.8952f137a0bb87bbf74305b7829625e7.jpg,20230103-GX010189,2023-01-03,A,540
20230103-GX010189_frame560_jpg.rf.36c580f8546e0de80316004d65cbec89.jpg,20230103-GX010189,2023-01-03,A,560
20230103-GX010189_frame580_jpg.rf.858cd79404d1df9f2e9678cc77247007.jpg,20230103-GX010189,2023-01-03,A,580
20230103-GX010189_frame600_jpg.rf.f266cee5fb8c5497b6f57e7bcce1c4f9.jpg,20230103-GX010189,2023-01-03,A,600
20230103-GX010189_frame60_jpg.rf.af4f0e22a70cd6ff5c6d1ca3de0abeb1.jpg,20230103-GX010189,2023-01-03,A,60
20230103-GX010189_frame620_jpg.rf.0689f5bfdedebf0919721b2ef566624c.jpg,20230103-GX010189,2023-01-03,A,620
20230103-GX010189_frame660_jpg.rf.31d818bb4a699b790ffe7ed4ae4c1890.jpg,20230103-GX010189,2023-01-03,A,660
20230103-GX010189_frame680_jpg.rf.9d290975a42fa545d0efc30e673abf42.jpg,20230103-GX010189,2023-01-03,A,680
20230103-GX010189_frame720_jpg.rf.00709557c0bd7a3b2f69c896cf916c6f.jpg,20230103-GX010189,2023-01-03,A,720
20230103-GX010189_frame740_jpg.rf.27efbd2e915ffb85feee00e65efca0f5.jpg,20230103-GX010189,2023-01-03,A,740
20230103-GX010189_frame780_jpg.rf.af91f6d20698c5eadcce8bdc8d7e206c.jpg,20230103-GX010189,2023-01-03,A,780
20230103-GX010189_frame800_jpg.rf.093e517918eb254082e1e2f9e69a2da8.jpg,20230103-GX010189,2023-01-03,A,800
20230103-GX010189_frame80_jpg.rf.623424339ff6547940c93d633ffaa977.jpg,20230103-GX010189,2023-01-03,A,80
20230103-GX010189_frame820_jpg.rf.967a6e37f233bff780c41d8f40395027.jpg,20230103-GX010189,2023-01-03,A,820
20230103-GX010189_frame840_jpg.rf.ce0f5ce69cb31c783c6d045c2b44fc4c.jpg,20230103-GX010189,2023-01-03,A,840
20230103-GX010189_frame860_jpg.rf.b5d2756743f67f1b7738e7944df3261f.jpg,20230103-GX010189,2023-01-03,A,860
20230103-GX010189_frame920_jpg.rf.fe5781020411ed18b646397ca65e5d17.jpg,20230103-GX010189,2023-01-03,A,920
20230103-GX010189_frame940_jpg.rf.849b2aae7cb094784ee9b5e14b74e271.jpg,20230103-GX010189,2023-01-03,A,940
20230103-GX010189_frame960_jpg.rf.57db9f1d5ee2bcda665efbed1def3d7c.jpg,20230103-GX010189,2023-01-03,A,960
20230103-GX010189_frame980_jpg.rf.c27a991f72acca8b4471a7086eadb242.jpg,20230103-GX010189,2023-01-03,A,980
20230103-GX010195_frame0_jpg.rf.be940f0619d0b02fa8f934ad58d5f168.jpg,20230103-GX010195,2023-01-03,B,0
20230103-GX010195_frame1000_jpg.rf.ceb7ba5b63c544209e18cdf6793ac49e.jpg,20230103-GX010195,2023-01-03,B,1000
20230103-GX010195_frame100_jpg.rf.59918675628c9b6b768bae80cc04924e.jpg,20230103-GX010195,2023-01-03,B,100
20230103-GX010195_frame1020_jpg.rf.92b851ba830e4a6b39eddea0951cb26f.jpg,20230103-GX010195,2023-01-03,B,1020
20230103-GX010195_frame1040_jpg.rf.ffeda01a05800278236ea201bcc036f2.jpg,20230103-GX010195,2023-01-03,B,1040
20230103-GX010195_frame1060_jpg.rf.2ce47a1c9eb22a75bde5d5c3d66898e0.jpg,20230103-GX010195,2023-01-03,B,1060
20230103-GX010195_frame1080_jpg.rf.a9fdbcb0645a7fade4b145779d4721e9.jpg,20230103-GX010195,2023-01-03,B,1080
20230103-GX010195_frame1100_jpg.rf.3574192340862c3703a005660f489ddc.jpg,20230103-GX010195,2023-01-03,B,1100
20230103-GX010195_frame1120_jpg.rf.9a72ed877ec2423c5f8e9ea670abd823.jpg,20230103-GX010195,2023-01-03,B,1120
20230103-GX010195_frame1140_jpg.rf.5ed112844e20ed9f6cbf2b5961743233.jpg,20230103-GX010195,2023-01-03,B,1140
20230103-GX010195_frame1160_jpg.rf.a091ce8a1ede3282b425b0cc406e4093.jpg,20230103-GX010195,2023-01-03,B,1160
20230103-GX010195_frame1180_jpg.rf.53cfb33e9bf5b891dec1a4a9ad58cb16.jpg,20230103-GX010195,2023-01-03,B,1180
20230103-GX010195_frame1200_jpg.rf.a20d207af658053854120248080cadb7.jpg,20230103-GX010195,2023-01-03,B,1200
20230103-GX010195_frame120_jpg.rf.d9f10c330a4016b307f93a416887720b.jpg,20230103-GX010195,2023-01-03,B,120
20230103-GX010195_frame1220_jpg.rf.b7a18ab1188df14e184ea5f6e1248a83.jpg,20230103-GX010195,2023-01-03,B,1220
20230103-GX010195_frame1240_jpg.rf.3fd2eed88915a5d860299e02a8df3730.jpg,20230103-GX010195,2023-01-03,B,1240
20230103-GX010195_frame1260_jpg.rf.0428669534b953d5861667b9fb8760df.jpg,20230103-GX010195,2023-01-03,B,1260
20230103-GX010195_frame1280_jpg.rf.c39b75eea5db6594d3ff5ff585d6c585.jpg,20230103-GX010195,2023-01-03,B,1280
20230103-GX010195_frame1300_jpg.rf.5f6c593ed9a8d8133a941644136523e4.jpg,20230103-GX010195,2023-01-03,B,1300
20230103-GX010195_frame1320_jpg.rf.a90ef92702c83eb9a784870abaae544e.jpg,20230103-GX010195,2023-01-03,B,1320
20230103-GX010195_frame1340_jpg.rf.56e869f8ae235e7ffdf74c0bc8b25ebb.jpg,20230103-GX010195,2023-01-03,B,1340
20230103-GX010195_frame1360_jpg.rf.a6b1821135edbc46553ff14045c0bb15.jpg,20230103-GX010195,2023-01-03,B,1360
20230103-GX010195_frame1380_jpg.rf.360a26869c4bdfb76cfedd2dc3d81a3b.jpg,20230103-GX010195,2023-01-03,B,1380
20230103-GX010195_frame1400_jpg.rf.ee21306fc1ed958a83c80b34b97e2f1f.jpg,20230103-GX010195,2023-01-03,B,1400
20230103-GX010195_frame1420_jpg.rf.3de7b1c06d2b6063ddec4858025fb7a3.jpg,20230103-GX010195,2023-01-03,B,1420
20230103-GX010195_frame1440_jpg.rf.218af15b8e5cf58b055dc9ce9f2c603a.jpg,20230103-GX010195,2023-01-03,B,1440
20230103-GX010195_frame1460_jpg.rf.3d3e755d5e667dd406db8bb818b74e06.jpg,20230103-GX010195,2023-01-03,B,1460
20230103-GX010195_frame1480_jpg.rf.20faf21845a940bd4d02d02cfb984a10.jpg,20230103-GX010195,2023-01-03,B,1480
20230103-GX010195_frame1520_jpg.rf.546357e5686b4609d90c79a8cda29223.jpg,20230103-GX010195,2023-01-03,B,1520
20230103-GX010195_frame1540_jpg.rf.1ab14d50cbdf52e9a5c31524c2a8b53e.jpg,20230103-GX010195,2023-01-03,B,1540
20230103-GX010195_frame1560_jpg.rf.569324c40cdf21c810c5cf4e9cff3ade.jpg,20230103-GX010195,2023-01-03,B,1560
20230103-GX010195_frame1580_jpg.rf.a117d1e8cfbede526412510bee470901.jpg,20230103-GX010195,2023-01-03,B,1580
20230103-GX010195_frame1600_jpg.rf.c6839a0df2047335b6d87b4bfa2764f8.jpg,20230103-GX010195,2023-01-03,B,1600
20230103-GX010195_frame160_jpg.rf.7b6dc768f2841258cb135244ee271973.jpg,20230103-GX010195,2023-01-03,B,160
20230103-GX010195_frame1620_jpg.rf.8b15f5d2d08e1e05f6bb3f38539f6f54.jpg,20230103-GX010195,2023-01-03,B,1620
20230103-GX010195_frame1640_jpg.rf.e5216133caf838b50f6ca5ffb679df55.jpg,20230103-GX010195,2023-01-03,B,1640
20230103-GX010195_frame1660_jpg.rf.3cce78b84aa323e2ecc52394b82927b4.jpg,20230103-GX010195,2023-01-03,B,1660
20230103-GX010195_frame1680_jpg.rf.5e4fbace4cb7ef4776ff9ff160f761ca.jpg,20230103-GX010195,2023-01-03,B,1680
20230103-GX010195_frame1700_jpg.rf.08dbf84028d637ec12899b678fe3a1e3.jpg,20230103-GX010195,2023-01-03,B,1700
20230103-GX010195_frame1740_jpg.rf.afe178b6ad2f58741884a95048f9fd36.jpg,20230103-GX010195,2023-01-03,B,1740
20230103-GX010195_frame1760_jpg.rf.39affd3f4030c6d54412b786dfafa4d4.jpg,20230103-GX010195,2023-01-03,B,1760
20230103-GX010195_frame1780_jpg.rf.44ed80e02f72a4900bcc7d4a6a05e308.jpg,20230103-GX010195,2023-01-03,B,1780
20230103-GX010195_frame180_jpg.rf.f1f31bbd26d01c0c7b074fb285f0f1da.jpg,20230103-GX010195,2023-01-03,B,180
20230103-GX010195_frame1820_jpg.rf.daa0d1321e34de50780c8de6d28a2522.jpg,20230103-GX010195,2023-01-03,B,1820
20230103-GX010195_frame1840_jpg.rf.707d888d396d19ea447173e0ebc2e094.jpg,20230103-GX010195,2023-01-03,B,1840
20230103-GX010195_frame200_jpg.rf.8165c26f7900b8f3f13043c591e22d67.jpg,20230103-GX010195,2023-01-03,B,200
20230103-GX010195_frame20_jpg.rf.e1da5da3a904ef901b5aa27eef39f686.jpg,20230103-GX010195,2023-01-03,B,20
20230103-GX010195_frame220_jpg.rf.cb5503b47a783e316e30b1d6314a5700.jpg,20230103-GX010195,2023-01-03,B,220
20230103-GX010195_frame240_jpg.rf.b480e381b908302b3c398697f980bcdb.jpg,20230103-GX010195,2023-01-03,B,240
20230103-GX010195_frame260_jpg.rf.1b004cce5729be38c9fe1a0967e6d36b.jpg,20230103-GX010195,2023-01-03,B,260
20230103-GX010195_frame280_jpg.rf.e938c5cf230e34f39c316fc536419832.jpg,20230103-GX010195,2023-01-03,B,280
20230103-GX010195_frame300_jpg.rf.907cda22237f3d6d0ae91f7d3b329fcd.jpg,20230103-GX010195,2023-01-03,B,300
20230103-GX010195_frame340_jpg.rf.5242f9d91bacc27869f60c73e692090f.jpg,20230103-GX010195,2023-01-03,B,340
20230103-GX010195_frame380_jpg.rf.f348d6bd19efd050f75a7dfe1741da63.jpg,20230103-GX010195,2023-01-03,B,380
20230103-GX010195_frame400_jpg.rf.eeadb2cc1fbfde5d51267634fafd3bf6.jpg,20230103-GX010195,2023-01-03,B,400
20230103-GX010195_frame420_jpg.rf.2c4d12b99b2c9602a01c2dcb38fae026.jpg,20230103-GX010195,2023-01-03,B,420
20230103-GX010195_frame440_jpg.rf.d72ac545fd7b094eb402d43e3ee18062.jpg,20230103-GX010195,2023-01-03,B,440
20230103-GX010195_frame460_jpg.rf.0a13cf9f6d4a83397402e53c0a934647.jpg,20230103-GX010195,2023-01-03,B,460
20230103-GX010195_frame480_jpg.rf.ce016669d1c59a49fc03e28a4b93ad51.jpg,20230103-GX010195,2023-01-03,B,480
20230103-GX010195_frame500_jpg.rf.4505e8a6005e5e125cedcb3148be8450.jpg,20230103-GX010195,2023-01-03,B,500
20230103-GX010195_frame520_jpg.rf.82828119a30950eb7bf86ce73c33aa6f.jpg,20230103-GX010195,2023-01-03,B,520
20230103-GX010195_frame540_jpg.rf.a9a5ae7bf07b5c55ce8e7042c3e6fd40.jpg,20230103-GX010195,2023-01-03,B,540
20230103-GX010195_frame560_jpg.rf.c687c94acfe62f0ecb3d4a6a912af8c9.jpg,20230103-GX010195,2023-01-03,B,560
20230103-GX010195_frame580_jpg.rf.f2ee04c95c2d0e2a370f0552ae09c1e6.jpg,20230103-GX010195,2023-01-03,B,580
20230103-GX010195_frame600_jpg.rf.a93f1866904ec27a41771b8d617673ff.jpg,20230103-GX010195,2023-01-03,B,600
20230103-GX010195_frame60_jpg.rf.8264db7739ceaa0ebe2156dc198f9218.jpg,20230103-GX010195,2023-01-03,B,60
20230103-GX010195_frame640_jpg.rf.d41c53e42f202d7106ac16bac7281825.jpg,20230103-GX010195,2023-01-03,B,640
20230103-GX010195_frame660_jpg.rf.5a002ed189cfe75cd5ce353a1ce9e22b.jpg,20230103-GX010195,2023-01-03,B,660
20230103-GX010195_frame680_jpg.rf.5835f49c32865b41eb843c44114ad2c0.jpg,20230103-GX010195,2023-01-03,B,680
20230103-GX010195_frame700_jpg.rf.4af961a21314a6ab3daa529591d4f56e.jpg,20230103-GX010195,2023-01-03,B,700
20230103-GX010195_frame720_jpg.rf.f8ddd44a25d0ec8f50f35d9c24ee60c5.jpg,20230103-GX010195,2023-01-03,B,720
20230103-GX010195_frame740_jpg.rf.eca036cdb097e47eba209f11b12f85c8.jpg,20230103-GX010195,2023-01-03,B,740
20230103-GX010195_frame780_jpg.rf.356e5ab9027afb47384110e3e43f1d38.jpg,20230103-GX010195,2023-01-03,B,780
20230103-GX010195_frame800_jpg.rf.67a3d5068994b4d70eb8dee49ec0e2e7.jpg,20230103-GX010195,2023-01-03,B,800
20230103-GX010195_frame80_jpg.rf.2d6da641e7c5ad7d16bf58d410f16ef2.jpg,20230103-GX010195,2023-01-03,B,80
20230103-GX010195_frame840_jpg.rf.6684835a6103273648df92b6ac9a4c1c.jpg,20230103-GX010195,2023-01-03,B,840
20230103-GX010195_frame880_jpg.rf.172088bedf5133f8144dd04e83ddf6de.jpg,20230103-GX010195,2023-01-03,B,880
20230103-GX010195_frame900_jpg.rf.9251fdb41d27e3a49cff877de54ba28b.jpg,20230103-GX010195,2023-01-03,B,900
20230103-GX010195_frame920_jpg.rf.b90a35bde1d9d81bc1931e57ac6330e3.jpg,20230103-GX010195,2023-01-03,B,920
20230103-GX010195_frame940_jpg.rf.caeadb737cda3414714e56d61c529c28.jpg,20230103-GX010195,2023-01-03,B,940
20230103-GX010195_frame960_jpg.rf.4ee505b97395dc558568aab71c5d8854.jpg,20230103-GX010195,2023-01-03,B,960
20230103-GX010195_frame980_jpg.rf.7ee07969926e4dd5e8428267e15daae3.jpg,20230103-GX010195,2023-01-03,B,980
20230110-GX010220_frame0_jpg.rf.54fa58c3f348fe36729593b00c0c5cff.jpg,20230110-GX010220,2023-01-10,A,0
20230110-GX010220_frame1000_jpg.rf.7e708fd4e7822382d9a58397a3514f8c.jpg,20230110-GX010220,2023-01-10,A,1000
20230110-GX010220_frame100_jpg.rf.afa7e4cb8b17cb8b5c7c25c44c7a69cf.jpg,20230110-GX010220,2023-01-10,A,100
20230110-GX010220_frame1020_jpg.rf.b116c82a14f88fc4dcdc66f60cd06c64.jpg,20230110-GX010220,2023-01-10,A,1020
20230110-GX010220_frame1040_jpg.rf.769b48ecb97af7c133cc5a49a002f11b.jpg,20230110-GX010220,2023-01-10,A,1040
20230110-GX010220_frame1080_jpg.rf.1eb98d4a6a217f7d9d87edbeab045a56.jpg,20230110-GX010220,2023-01-10,A,1080
20230110-GX010220_frame1100_jpg.rf.2488dbcac15910e68a46195bfdd7151e.jpg,20230110-GX010220,2023-01-10,A,1100
20230110-GX010220_frame1140_jpg.rf.dc02c97690358c43949d3b978da3cdd4.jpg,20230110-GX010220,2023-01-10,A,1140
20230110-GX010220_frame1160_jpg.rf.94bd1ec72e52d58790766e1b1d30a027.jpg,20230110-GX010220,2023-01-10,A,1160
20230110-GX010220_frame1180_jpg.rf.9810571860a3e31f0960ade10cd9e12e.jpg,20230110-GX010220,2023-01-10,A,1180
20230110-GX010220_frame1200_jpg.rf.45984b14145d6c4620435fa634199ab9.jpg,20230110-GX010220,2023-01-10,A,1200
20230110-GX010220_frame1220_jpg.rf.b8bf5c3eda2734e97dc0cf3dfea8d01c.jpg,20230110-GX010220,2023-01-10,A,1220
20230110-GX010220_frame1240_jpg.rf.02bb43599098a6e6a18999852c4312db.jpg,20230110-GX010220,2023-01-10,A,1240
20230110-GX010220_frame1260_jpg.rf.d6cc1184ce9629825eb2b0edce39ce5a.jpg,20230110-GX010220,2023-01-10,A,1260
20230110-GX010220_frame1280_jpg.rf.8020c041737742aee2469c112075e116.jpg,20230110-GX010220,2023-01-10,A,1280
20230110-GX010220_frame1300_jpg.rf.e5f54d3d7183889f4ef3f2d715bb2325.jpg,20230110-GX010220,2023-01-10,A,1300
20230110-GX010220_frame1320_jpg.rf.3ac7229a2b6f2065af4f7908c74ebd60.jpg,20230110-GX010220,2023-01-10,A,1320
20230110-GX010220_frame1340_jpg.rf.29782938d93dc9b03a2931e1167e46fd.jpg,20230110-GX010220,2023-01-10,A,1340
20230110-GX010220_frame1360_jpg.rf.983f8d18b497924f87f46987250e6c39.jpg,20230110-GX010220,2023-01-10,A,1360
20230110-GX010220_frame1380_jpg.rf.de4795ecce5d90f5f0d7a8cfa38f826e.jpg,20230110-GX010220,2023-01-10,A,1380
20230110-GX010220_frame1400_jpg.rf.47379a8d2c62ee8bfd92ee53016bde3c.jpg,20230110-GX010220,2023-01-10,A,1400
20230110-GX010220_frame140_jpg.rf.5389dd651880ddefb672eb524e221200.jpg,20230110-GX010220,2023-01-10,A,140
20230110-GX010220_frame1420_jpg.rf.7e241b3e0aea0890a8899dbb398af8d7.jpg,20230110-GX010220,2023-01-10,A,1420
20230110-GX010220_frame1440_jpg.rf.09172cb2b21114abb0622b67f0746653.jpg,20230110-GX010220,2023-01-10,A,1440
20230110-GX010220_frame1460_jpg.rf.55d812f0a31c9fed9efeda2bf3e0802e.jpg,20230110-GX010220,2023-01-10,A,1460
20230110-GX010220_frame1480_jpg.rf.f978f5f6d0171ae490827673cc7535a8.jpg,20230110-GX010220,2023-01-10,A,1480
20230110-GX010220_frame1500_jpg.rf.7cbe274116a155f0316bee15f3caedba.jpg,20230110-GX010220,2023-01-10,A,1500
20230110-GX010220_frame1520_jpg.rf.ac31cc854af88f3ac7eb7a3d8d27ba25.jpg,20230110-GX010220,2023-01-10,A,1520
20230110-GX010220_frame160_jpg.rf.bc39b1f448ef4375b92f721d75743139.jpg,20230110-GX010220,2023-01-10,A,160
20230110-GX010220_frame180_jpg.rf.43932df31361703fa517294f68e742cb.jpg,20230110-GX010220,2023-01-10,A,180
20230110-GX010220_frame200_jpg.rf.73ab3669dce152e63d17bb24d71c04b8.jpg,20230110-GX010220,2023-01-10,A,200
20230110-GX010220_frame20_jpg.rf.e6b07f6a2fca1a5915c523e88949254e.jpg,20230110-GX010220,2023-01-10,A,20
20230110-GX010220_frame220_jpg.rf.11826e300815c33fb9d94cdcc480ac63.jpg,20230110-GX010220,2023-01-10,A,220
20230110-GX010220_frame240_jpg.rf.f1421e344f3c37cbcdafb3d9e04fb0e5.jpg,20230110-GX010220,2023-01-10,A,240
20230110-GX010220_frame260_jpg.rf.8f3f0c09879598ae5a0d1c0c94ab8adc.jpg,20230110-GX010220,2023-01-10,A,260
20230110-GX010220_frame300_jpg.rf.fc8fba1494b85ec97cbacef3ec0aa55c.jpg,20230110-GX010220,2023-01-10,A,300
20230110-GX010220_frame320_jpg.rf.90bac830fc1f84adde9b87d434b18a2f.jpg,20230110-GX010220,2023-01-10,A,320
20230110-GX010220_frame340_jpg.rf.10a2b375e22580baaa4d04ec0c72bc6d.jpg,20230110-GX010220,2023-01-10,A,340
20230110-GX010220_frame360_jpg.rf.59baa159274e803b7ecdcc043427baff.jpg,20230110-GX010220,2023-01-10,A,360
20230110-GX010220_frame380_jpg.rf.0c18b2edfbc72930dcb5ab482be0ec96.jpg,20230110-GX010220,2023-01-10,A,380
20230110-GX010220_frame400_jpg.rf.866841c0cf56103465ac2b48862ffcd0.jpg,20230110-GX010220,2023-01-10,A,400
20230110-GX010220_frame40_jpg.rf.76a1dfab2e902e1eff099fcd0479dd82.jpg,20230110-GX010220,2023-01-10,A,40
20230110-GX010220_frame420_jpg.rf.02e2b3fe8f6edb6a7cb7436655898f81.jpg,20230110-GX010220,2023-01-10,A,420
20230110-GX010220_frame440_jpg.rf.dcd293acf3a76f4d6139bb852cbfd477.jpg,20230110-GX010220,2023-01-10,A,440
20230110-GX010220_frame460_jpg.rf.e28a3374e89f25fdc051f43e2bfc2748.jpg,20230110-GX010220,2023-01-10,A,460
20230110-GX010220_frame480_jpg.rf.b6dca836901e8f863f50301027a77b53.jpg,20230110-GX010220,2023-01-10,A,480
20230110-GX010220_frame500_jpg.rf.7be5cc6afec9a520a8631548edd80fe7.jpg,20230110-GX010220,2023-01-10,A,500
20230110-GX010220_frame520_jpg.rf.8aadcadb12df1b91b989905ddcb58b5c.jpg,20230110-GX010220,2023-01-10,A,520
20230110-GX010220_frame540_jpg.rf.9fe74f7e00a9a2d5f38e1678087436de.jpg,20230110-GX010220,2023-01-10,A,540
20230110-GX010220_frame560_jpg.rf.ebd48a73f128cc373ed7572b7107f260.jpg,20230110-GX010220,2023-01-10,A,560
20230110-GX010220_frame580_jpg.rf.3beb4429d52b736cbcd6f41bf3258ee5.jpg,20230110-GX010220,2023-01-10,A,580
20230110-GX010220_frame600_jpg.rf.0cb6c8821d5051003c357507ff664aba.jpg,20230110-GX010220,2023-01-10,A,600
20230110-GX010220_frame620_jpg.rf.70267b8eeabfb51a4c9375b59102cecb.jpg,20230110-GX010220,2023-01-10,A,620
20230110-GX010220_frame640_jpg.rf.9b880dfe6e9dc5d9fe929d9110c0714d.jpg,20230110-GX010220,2023-01-10,A,640
20230110-GX010220_frame660_jpg.rf.20a0f33eb705ccb299a7dff6b2e4f4ec.jpg,20230110-GX010220,2023-01-10,A,660
20230110-GX010220_frame680_jpg.rf.cea831d4711254471cfd7f4e10b1da43.jpg,20230110-GX010220,2023-01-10,A,680
20230110-GX010220_frame700_jpg.rf.15188b386a0ed7e7ebf028bc83e141ed.jpg,20230110-GX010220,2023-01-10,A,700
20230110-GX010220_frame720_jpg.rf.34472d1246789982e3fec8191a1449e7.jpg,20230110-GX010220,2023-01-10,A,720
20230110-GX010220_frame740_jpg.rf.f038961ceb1908fa8f1017069a3eb753.jpg,20230110-GX010220,2023-01-10,A,740
20230110-GX010220_frame760_jpg.rf.1c12756cae5f5d4def6f98b18ee00598.jpg,20230110-GX010220,2023-01-10,A,760
20230110-GX010220_frame780_jpg.rf.afa0713f9a5e095ac94a177cc419b4ff.jpg,20230110-GX010220,2023-01-10,A,780
20230110-GX010220_frame800_jpg.rf.874db01039858e2d5b07ecdf0fda0adb.jpg,20230110-GX010220,2023-01-10,A,800
20230110-GX010220_frame80_jpg.rf.3891d81539c4e33e3a69b9f9726103e6.jpg,20230110-GX010220,2023-01-10,A,80
20230110-GX010220_frame820_jpg.rf.e5447c798f1819e52270fec645f69cbb.jpg,20230110-GX010220,2023-01-10,A,820
20230110-GX010220_frame840_jpg.rf.bb1d297ece34726c3b330df2c5011f9e.jpg,20230110-GX010220,2023-01-10,A,840
20230110-GX010220_frame860_jpg.rf.e77fcb03897ab304d9cc8c99543985fa.jpg,20230110-GX010220,2023-01-10,A,860
20230110-GX010220_frame880_jpg.rf.8823cce2b752b9f054d86af545e3bf6a.jpg,20230110-GX010220,2023-01-10,A,880
20230110-GX010220_frame900_jpg.rf.8ed7c58fa0e3b038aca527ea6d2e63e5.jpg,20230110-GX010220,2023-01-10,A,900
20230110-GX010220_frame940_jpg.rf.2bac00842c2897f7d4392e73197fbbb9.jpg,20230110-GX010220,2023-01-10,A,940
20230110-GX010220_frame960_jpg.rf.0923dcb58323ee5316d68d70834f5996.jpg,20230110-GX010220,2023-01-10,A,960
20230110-GX010220_frame980_jpg.rf.e545c5912bb76eafbbd99af3860ef87f.jpg,20230110-GX010220,2023-01-10,A,980
20230110-GX010226_frame0_jpg.rf.6aceff91fd56e1e4098ad898f24581a6.jpg,20230110-GX010226,2023-01-10,B,0
20230110-GX010226_frame1000_jpg.rf.9135d1cb9941af318f1ff290767951bd.jpg,20230110-GX010226,2023-01-10,B,1000
20230110-GX010226_frame100_jpg.rf.4ddf8bb1e214ab26f9f55448fd66d63f.jpg,20230110-GX010226,2023-01-10,B,100
20230110-GX010226_frame1023_jpg.rf.a5577277d1b843c1dc2ce6d8529173f9.jpg,20230110-GX010226,2023-01-10,B,1023
20230110-GX010226_frame1040_jpg.rf.cb097c1ff32e4b65a12d58529a6274df.jpg,20230110-GX010226,2023-01-10,B,1040
20230110-GX010226_frame1060_jpg.rf.de99d64fcee0d63a08421330338130d0.jpg,20230110-GX010226,2023-01-10,B,1060
20230110-GX010226_frame1083_jpg.rf.7ab438467e2f27b28b3f94cda77e6a89.jpg,20230110-GX010226,2023-01-10,B,1083
20230110-GX010226_frame1100_jpg.rf.b99e7ab41893965ae4a63b96ce8bed34.jpg,20230110-GX010226,2023-01-10,B,1100
20230110-GX010226_frame1123_jpg.rf.77b162e512350894a0c700a91376a1ff.jpg,20230110-GX010226,2023-01-10,B,1123
20230110-GX010226_frame1143_jpg.rf.128f588d0f1b1e3a89c2e3adda571375.jpg,20230110-GX010226,2023-01-10,B,1143
20230110-GX010226_frame1160_jpg.rf.6286120f914955d9ce12ed8c4927dcbd.jpg,20230110-GX010226,2023-01-10,B,1160
20230110-GX010226_frame1183_jpg.rf.a38f1347ef981070bbc9a5e5cf80af0d.jpg,20230110-GX010226,2023-01-10,B,1183
20230110-GX010226_frame1200_jpg.rf.d491cb96b356ee1ca3ce5362550da39c.jpg,20230110-GX010226,2023-01-10,B,1200
20230110-GX010226_frame1223_jpg.rf.727e3d9451833d38caf452346f54d1d1.jpg,20230110-GX010226,2023-01-10,B,1223
20230110-GX010226_frame123_jpg.rf.e7f07bf87f6b9ccb8d06a1597cf43276.jpg,20230110-GX010226,2023-01-10,B,123
20230110-GX010226_frame1240_jpg.rf.cec996fed4bf638d068cf235a7aedb89.jpg,20230110-GX010226,2023-01-10,B,1240
20230110-GX010226_frame1263_jpg.rf.28dc0f09d51caa4fc29e37900db2e741.jpg,20230110-GX010226,2023-01-10,B,1263
20230110-GX010226_frame1280_jpg.rf.df739a193a851d196cb48b89f9ecf03d.jpg,20230110-GX010226,2023-01-10,B,1280
20230110-GX010226_frame1303_jpg.rf.ae5e3658b37eda5a0c276d8b0fc67940.jpg,20230110-GX010226,2023-01-10,B,1303
20230110-GX010226_frame1323_jpg.rf.4ea2239267c0065490b90f6d855cf4b9.jpg,20230110-GX010226,2023-01-10,B,1323
20230110-GX010226_frame1340_jpg.rf.c4ce37cbe24ebb006bead264a415966b.jpg,20230110-GX010226,2023-01-10,B,1340
20230110-GX010226_frame1363_jpg.rf.c5e1f0b79056e52766ca8193ec1664f5.jpg,20230110-GX010226,2023-01-10,B,1363
20230110-GX010226_frame1380_jpg.rf.0be6dc21b4580d1b0c3c124a06e52859.jpg,20230110-GX010226,2023-01-10,B,1380
20230110-GX010226_frame1403_jpg.rf.72a6ad764826a12e48486683a7a3776d.jpg,20230110-GX010226,2023-01-10,B,1403
20230110-GX010226_frame1423_jpg.rf.cb06c7c23b912e583c57993ac2cbe103.jpg,20230110-GX010226,2023-01-10,B,1423
20230110-GX010226_frame143_jpg.rf.62c938e99201dbdf7c4261b736e366ba.jpg,20230110-GX010226,2023-01-10,B,143
20230110-GX010226_frame1443_jpg.rf.c56ad8e9e0c0c94635810f03fa0f1c44.jpg,20230110-GX010226,2023-01-10,B,1443
20230110-GX010226_frame1460_jpg.rf.442c148f50d4f8c7b47d2503bdeec7dd.jpg,20230110-GX010226,2023-01-10,B,1460
20230110-GX010226_frame1480_jpg.rf.bd4aa80f7024fe7b8df71639ea7272e4.jpg,20230110-GX010226,2023-01-10,B,1480
20230110-GX010226_frame1500_jpg.rf.8ec6dd3f64ecc773ff9238a485ccff87.jpg,20230110-GX010226,2023-01-10,B,1500
20230110-GX010226_frame1523_jpg.rf.36e0891cfbb0571841514eb16a4d8a8b.jpg,20230110-GX010226,2023-01-10,B,1523
20230110-GX010226_frame1543_jpg.rf.24750a98cf5aea06db483061a8e4c4b4.jpg,20230110-GX010226,2023-01-10,B,1543
20230110-GX010226_frame1560_jpg.rf.f2562cad17bbdc5b53fe7924af69bda9.jpg,20230110-GX010226,2023-01-10,B,1560
20230110-GX010226_frame163_jpg.rf.595628882144542ddb9467356e058ee7.jpg,20230110-GX010226,2023-01-10,B,163
20230110-GX010226_frame183_jpg.rf.9bb3f37e4b9faf7fadc743fda8fdae08.jpg,20230110-GX010226,2023-01-10,B,183
20230110-GX010226_frame203_jpg.rf.6bbe483613d7a1f2298c56dd183f8b5a.jpg,20230110-GX010226,2023-01-10,B,203
20230110-GX010226_frame20_jpg.rf.fcf5ba3c8ce76097b6cb7410b5f99f75.jpg,20230110-GX010226,2023-01-10,B,20
20230110-GX010226_frame223_jpg.rf.e8fa61515597183b5447ab302dd43ba5.jpg,20230110-GX010226,2023-01-10,B,223
20230110-GX010226_frame243_jpg.rf.95e7aa7c4c384304ecacc1f865a6944c.jpg,20230110-GX010226,2023-01-10,B,243
20230110-GX010226_frame263_jpg.rf.5001fefdf86662a21f8a6e126a405968.jpg,20230110-GX010226,2023-01-10,B,263
20230110-GX010226_frame283_jpg.rf.dc5d9062d49eb56e6fcd42a35a1e2d1e.jpg,20230110-GX010226,2023-01-10,B,283
20230110-GX010226_frame303_jpg.rf.e45c304f1c4d3275a9f0872991e09372.jpg,20230110-GX010226,2023-01-10,B,303
20230110-GX010226_frame323_jpg.rf.0b482a8a4493575a802e2ec46dcce757.jpg,20230110-GX010226,2023-01-10,B,323
20230110-GX010226_frame340_jpg.rf.5ab02fe25df4e19683da9cac35f0bab8.jpg,20230110-GX010226,2023-01-10,B,340
20230110-GX010226_frame363_jpg.rf.63a00e37f9ab5c521aad6bd8bf5ec781.jpg,20230110-GX010226,2023-01-10,B,363
20230110-GX010226_frame383_jpg.rf.90abc272c16e38cdd50b454eb2eb86cb.jpg,20230110-GX010226,2023-01-10,B,383
20230110-GX010226_frame403_jpg.rf.a895a0d294bb159ed8203d3112217285.jpg,20230110-GX010226,2023-01-10,B,403
20230110-GX010226_frame40_jpg.rf.393cc1705c5def66604cb98ccca6066d.jpg,20230110-GX010226,2023-01-10,B,40
20230110-GX010226_frame423_jpg.rf.e05f7770189ae85ea040d358eeac6259.jpg,20230110-GX010226,2023-01-10,B,423
20230110-GX010226_frame443_jpg.rf.441040a8607903c010c45360e5b5f93a.jpg,20230110-GX010226,2023-01-10,B,443
20230110-GX010226_frame463_jpg.rf.bb617e21fb805a897a0710e2d68b9882.jpg,20230110-GX010226,2023-01-10,B,463
20230110-GX010226_frame483_jpg.rf.c0c10a4afd90bca430c2845165074f31.jpg,20230110-GX010226,2023-01-10,B,483
20230110-GX010226_frame503_jpg.rf.fbb696cb58a7e3ceb3bbca40884d534d.jpg,20230110-GX010226,2023-01-10,B,503
20230110-GX010226_frame523_jpg.rf.febf34e8c3b558a3790e2cdd7b377d02.jpg,20230110-GX010226,2023-01-10,B,523
20230110-GX010226_frame543_jpg.rf.26b829e24c3ddc1dbd852288379243b9.jpg,20230110-GX010226,2023-01-10,B,543
20230110-GX010226_frame560_jpg.rf.33e9d07212953148a86a1f126286d9b6.jpg,20230110-GX010226,2023-01-10,B,560
20230110-GX010226_frame583_jpg.rf.8f68d51f3d6578e4909154dc27d26da6.jpg,20230110-GX010226,2023-01-10,B,583
20230110-GX010226_frame600_jpg.rf.13ac1a59be7085b13afe43451c4207fe.jpg,20230110-GX010226,2023-01-10,B,600
20230110-GX010226_frame620_jpg.rf.e035bdb2a7088e04f254561c5f1c8cfa.jpg,20230110-GX010226,2023-01-10,B,620
20230110-GX010226_frame63_jpg.rf.4c4b397b8061fdd5c2ca36e99fc37796.jpg,20230110-GX010226,2023-01-10,B,63
20230110-GX010226_frame643_jpg.rf.9cacb044c876f7a8bae0f051ff0e496c.jpg,20230110-GX010226,2023-01-10,B,643
20230110-GX010226_frame660_jpg.rf.7e302fd486ff98e766ec798b36f4601d.jpg,20230110-GX010226,2023-01-10,B,660
20230110-GX010226_frame680_jpg.rf.57c67d7df42cdd01fc18960a20636b51.jpg,20230110-GX010226,2023-01-10,B,680
20230110-GX010226_frame703_jpg.rf.4c68daa39f7ae6e760c01d82352089f1.jpg,20230110-GX010226,2023-01-10,B,703
20230110-GX010226_frame720_jpg.rf.8ebc56f24ae4191bc443527639a1a899.jpg,20230110-GX010226,2023-01-10,B,720
20230110-GX010226_frame740_jpg.rf.6af97749dc8d59186d3b75a081875787.jpg,20230110-GX010226,2023-01-10,B,740
20230110-GX010226_frame760_jpg.rf.77735745a7415325500ad0c90a896c67.jpg,20230110-GX010226,2023-01-10,B,760
20230110-GX010226_frame783_jpg.rf.eb2d6b54829161f7da4cf56a6be63041.jpg,20230110-GX010226,2023-01-10,B,783
20230110-GX010226_frame803_jpg.rf.f2af61198fad67d535a4832ac7a2bcd5.jpg,20230110-GX010226,2023-01-10,B,803
20230110-GX010226_frame823_jpg.rf.cd7af5bfa42dcfc90a2b2d63e0373a69.jpg,20230110-GX010226,2023-01-10,B,823
20230110-GX010226_frame83_jpg.rf.efed1eb812523ab72890139107de5145.jpg,20230110-GX010226,2023-01-10,B,83
20230110-GX010226_frame843_jpg.rf.acb86233bc95752904615ca410502af7.jpg,20230110-GX010226,2023-01-10,B,843
20230110-GX010226_frame860_jpg.rf.4cba3c89d03ee856c47964981cf54a56.jpg,20230110-GX010226,2023-01-10,B,860
20230110-GX010226_frame880_jpg.rf.09e7a6910dec805f62402f326170dd2d.jpg,20230110-GX010226,2023-01-10,B,880
20230110-GX010226_frame903_jpg.rf.fc8475aaffa5d3c202f78d48c5d68418.jpg,20230110-GX010226,2023-01-10,B,903
20230110-GX010226_frame923_jpg.rf.852ec1b72cb7811818cdeea670fe8386.jpg,20230110-GX010226,2023-01-10,B,923
20230110-GX010226_frame940_jpg.rf.8b3c6b6bc6af3469a678532bfe036461.jpg,20230110-GX010226,2023-01-10,B,940
20230110-GX010226_frame963_jpg.rf.ae13b8c00aad5f14349c107897359c7e.jpg,20230110-GX010226,2023-01-10,B,963
20230110-GX010226_frame983_jpg.rf.2f26ccb7c2ee46e0baf4a641b08e0a82.jpg,20230110-GX010226,2023-01-10,B,983
20230114-GX010233_frame0_jpg.rf.f3467bdbcd41a982b047d14f050da994.jpg,20230114-GX010233,2023-01-14,A,0
20230114-GX010233_frame1000_jpg.rf.fdc9c8d417900a3af56b8589cc7e1a6f.jpg,20230114-GX010233,2023-01-14,A,1000
20230114-GX010233_frame1023_jpg.rf.aeba16ebef2d80572cc70c7efb4b31b3.jpg,20230114-GX010233,2023-01-14,A,1023
20230114-GX010233_frame103_jpg.rf.875706873901d013fefd28e0ab006ec0.jpg,20230114-GX010233,2023-01-14,A,103
20230114-GX010233_frame1043_jpg.rf.b10078ff1634424c13a4ed4648942e63.jpg,20230114-GX010233,2023-01-14,A,1043
20230114-GX010233_frame1063_jpg.rf.e02aba547d11723e504012583dfd995f.jpg,20230114-GX010233,2023-01-14,A,1063
20230114-GX010233_frame1080_jpg.rf.1adf430f3e053eab7a3c34255a4d2f90.jpg,20230114-GX010233,2023-01-14,A,1080
20230114-GX010233_frame1100_jpg.rf.bee7df6ab34fbf51178f35dd5a29b090.jpg,20230114-GX010233,2023-01-14,A,1100
20230114-GX010233_frame1123_jpg.rf.fb401daa12d80880f4c67e37a08d1d36.jpg,20230114-GX010233,2023-01-14,A,1123
20230114-GX010233_frame1140_jpg.rf.111aa660de0f558c8a5d16c47fbf634a.jpg,20230114-GX010233,2023-01-14,A,1140
20230114-GX010233_frame1163_jpg.rf.d75a6e6972fd953aa6d676289133fee9.jpg,20230114-GX010233,2023-01-14,A,1163
20230114-GX010233_frame1180_jpg.rf.45eb839f036d06815f3b4276255aac05.jpg,20230114-GX010233,2023-01-14,A,1180
20230114-GX010233_frame1203_jpg.rf.de4532d8810cf65d026edde72f6c0a32.jpg,20230114-GX010233,2023-01-14,A,1203
20230114-GX010233_frame120_jpg.rf.3a32e8b06e5ad226ddfaed1756cc0834.jpg,20230114-GX010233,2023-01-14,A,120
20230114-GX010233_frame1220_jpg.rf.f9f6f2da3a02f13354b1ab41520f0b2e.jpg,20230114-GX010233,2023-01-14,A,1220
20230114-GX010233_frame1243_jpg.rf.ebca16d37705f74703d3493eb68f5e8f.jpg,20230114-GX010233,2023-01-14,A,1243
20230114-GX010233_frame1263_jpg.rf.8a2395cc2c0cec61486340c032285a59.jpg,20230114-GX010233,2023-01-14,A,1263
20230114-GX010233_frame1280_jpg.rf.041299b87d66d96f69c72a5dc15cdbdc.jpg,20230114-GX010233,2023-01-14,A,1280
20230114-GX010233_frame1303_jpg.rf.9690df85f09f0c17b6ae9d98822da82d.jpg,20230114-GX010233,2023-01-14,A,1303
20230114-GX010233_frame1320_jpg.rf.27582c536bce07409bab2e32119e3201.jpg,20230114-GX010233,2023-01-14,A,1320
20230114-GX010233_frame1343_jpg.rf.3aa2db6a03cf0638a899d19616fb49b3.jpg,20230114-GX010233,2023-01-14,A,1343
20230114-GX010233_frame1363_jpg.rf.1906ad965fe79cc7aa95937442da451f.jpg,20230114-GX010233,2023-01-14,A,1363
20230114-GX010233_frame1380_jpg.rf.0155e3fac901997d7f3fd7206ab6c1e8.jpg,20230114-GX010233,2023-01-14,A,1380
20230114-GX010233_frame1400_jpg.rf.7536ad9c3c73cc2dfc995a48bd65dbd0.jpg,20230114-GX010233,2023-01-14,A,1400
20230114-GX010233_frame140_jpg.rf.e2cf7adaee3a22dc9115349ed9d0bf74.jpg,20230114-GX010233,2023-01-14,A,140
20230114-GX010233_frame1423_jpg.rf.d9545442574a2f5df363ffabb8d62d71.jpg,20230114-GX010233,2023-01-14,A,1423
20230114-GX010233_frame1443_jpg.rf.dab3bb06076fb8060174f2e80c33e1af.jpg,20230114-GX010233,2023-01-14,A,1443
20230114-GX010233_frame1460_jpg.rf.2596d216485b29d3eaaabe00b491fe4b.jpg,20230114-GX010233,2023-01-14,A,1460
20230114-GX010233_frame1480_jpg.rf.54cc09593db74dbaeba4ea2fc57e38a9.jpg,20230114-GX010233,2023-01-14,A,1480
20230114-GX010233_frame1500_jpg.rf.7b972031f7e258c2a48c0d55a8cdc4dd.jpg,20230114-GX010233,2023-01-14,A,1500
20230114-GX010233_frame1523_jpg.rf.65aebc564a540b348c38884ab7c0db79.jpg,20230114-GX010233,2023-01-14,A,1523
20230114-GX010233_frame1543_jpg.rf.8de6dd583fb1ab9409c158f6d67b8f84.jpg,20230114-GX010233,2023-01-14,A,1543
20230114-GX010233_frame1560_jpg.rf.984f855d3c7668a5aa75615d1e9171f9.jpg,20230114-GX010233,2023-01-14,A,1560
20230114-GX010233_frame1580_jpg.rf.2a4194880cc95a74973869d1d3a9763b.jpg,20230114-GX010233,2023-01-14,A,1580
20230114-GX010233_frame1600_jpg.rf.01f82e291aa928e76203e69f9a78d228.jpg,20230114-GX010233,2023-01-14,A,1600
20230114-GX010233_frame1623_jpg.rf.5bfe3b2fc2c39959b73a68dae7282149.jpg,20230114-GX010233,2023-01-14,A,1623
20230114-GX010233_frame163_jpg.rf.23e186633b0d10bc0762912bd2b222c1.jpg,20230114-GX010233,2023-01-14,A,163
20230114-GX010233_frame1643_jpg.rf.ae054fe9cc1300f43e47df4d0ca674cb.jpg,20230114-GX010233,2023-01-14,A,1643
20230114-GX010233_frame183_jpg.rf.a8a8400b71c8945521057448eebdd222.jpg,20230114-GX010233,2023-01-14,A,183
20230114-GX010233_frame200_jpg.rf.f7146e8a132fac1f86dc4f30283d37da.jpg,20230114-GX010233,2023-01-14,A,200
20230114-GX010233_frame220_jpg.rf.64a601354600898a49b60364bb3ef711.jpg,20230114-GX010233,2023-01-14,A,220
20230114-GX010233_frame23_jpg.rf.ba9d76997bcbaad8e9c2496743a7782b.jpg,20230114-GX010233,2023-01-14,A,23
20230114-GX010233_frame243_jpg.rf.a325c9e8c017396b47ca38a62b8357a2.jpg,20230114-GX010233,2023-01-14,A,243
20230114-GX010233_frame263_jpg.rf.7486cb3dcb750f36d241bcc45ac2aa75.jpg,20230114-GX010233,2023-01-14,A,263
20230114-GX010233_frame283_jpg.rf.412235b9e9889fbb2f56cce37cb606f1.jpg,20230114-GX010233,2023-01-14,A,283
20230114-GX010233_frame300_jpg.rf.b7ba25aa6e942ed0eb963778dc4aa3a2.jpg,20230114-GX010233,2023-01-14,A,300
20230114-GX010233_frame323_jpg.rf.e1c0dcdc85c9151f721a013b33bd7b4f.jpg,20230114-GX010233,2023-01-14,A,323
20230114-GX010233_frame340_jpg.rf.2bc7a1daafcf9c7c8629e18356b3dd25.jpg,20230114-GX010233,2023-01-14,A,340
20230114-GX010233_frame363_jpg.rf.e41030130f2fadb3810d485b5d618266.jpg,20230114-GX010233,2023-01-14,A,363
20230114-GX010233_frame383_jpg.rf.8c9791dd2cb6789111f77ea100980308.jpg,20230114-GX010233,2023-01-14,A,383
20230114-GX010233_frame403_jpg.rf.2e5f1af74fcc5b63f93302856e4bdde6.jpg,20230114-GX010233,2023-01-14,A,403
20230114-GX010233_frame40_jpg.rf.6ea0597d3302a13ec56cc23961502c28.jpg,20230114-GX010233,2023-01-14,A,40
20230114-GX010233_frame420_jpg.rf.501ef5f80f25a3ea53148cc491a564ee.jpg,20230114-GX010233,2023-01-14,A,420
20230114-GX010233_frame443_jpg.rf.490f22076d54bbac8ffb889f36d2082f.jpg,20230114-GX010233,2023-01-14,A,443
20230114-GX010233_frame463_jpg.rf.c773f1cfd2eed2f97c6f864061a03bb6.jpg,20230114-GX010233,2023-01-14,A,463
20230114-GX010233_frame480_jpg.rf.38f4088a1a416601f448fcb50e5052f2.jpg,20230114-GX010233,2023-01-14,A,480
20230114-GX010233_frame500_jpg.rf.c185e88d6d10d6f14a09fc2d75434a0f.jpg,20230114-GX010233,2023-01-14,A,500
20230114-GX010233_frame520_jpg.rf.00209f3ac21235447fb0be715d666bd8.jpg,20230114-GX010233,2023-01-14,A,520
20230114-GX010233_frame540_jpg.rf.1695b6771290080ce692af45a8af39ee.jpg,20230114-GX010233,2023-01-14,A,540
20230114-GX010233_frame560_jpg.rf.7a9df53b6d3a68abd1fdbdabec23475e.jpg,20230114-GX010233,2023-01-14,A,560
20230114-GX010233_frame583_jpg.rf.c930ac4a2c68a9b7a5fb24a87a668e3a.jpg,20230114-GX010233,2023-01-14,A,583
20230114-GX010233_frame603_jpg.rf.e4c7e134d03673697a66a6a645a7bc74.jpg,20230114-GX010233,2023-01-14,A,603
20230114-GX010233_frame620_jpg.rf.7fca8df556a65f2254363a2488cf582c.jpg,20230114-GX010233,2023-01-14,A,620
20230114-GX010233_frame63_jpg.rf.2136957bc537fa4eecfc614561b5e868.jpg,20230114-GX010233,2023-01-14,A,63
20230114-GX010233_frame640_jpg.rf.cc3719bf9775fdfbf132fb76478f1610.jpg,20230114-GX010233,2023-01-14,A,640
20230114-GX010233_frame663_jpg.rf.5dee8965ce7b66a175a8930b2e78c5b2.jpg,20230114-GX010233,2023-01-14,A,663
20230114-GX010233_frame683_jpg.rf.b82f15a37699f39cc218831d45b2be4d.jpg,20230114-GX010233,2023-01-14,A,683
20230114-GX010233_frame700_jpg.rf.81b94d700bd5d3937963ed5fd9777f88.jpg,20230114-GX010233,2023-01-14,A,700
20230114-GX010233_frame720_jpg.rf.d0cb6032196d86d355a1f6173827dc3b.jpg,20230114-GX010233,2023-01-14,A,720
20230114-GX010233_frame740_jpg.rf.a505fff81fb53f972000d0e980ba4cc4.jpg,20230114-GX010233,2023-01-14,A,740
20230114-GX010233_frame763_jpg.rf.df306c6603908bb6e4683b3b325e37c8.jpg,20230114-GX010233,2023-01-14,A,763
20230114-GX010233_frame780_jpg.rf.46b07fbb2d5a6308a9f91d5c583cf2b2.jpg,20230114-GX010233,2023-01-14,A,780
20230114-GX010233_frame803_jpg.rf.ea76a8fa11d6aeda744179a41322c767.jpg,20230114-GX010233,2023-01-14,A,803
20230114-GX010233_frame820_jpg.rf.52f4ed03ce4826fac92278fc3a9637f0.jpg,20230114-GX010233,2023-01-14,A,820
20230114-GX010233_frame83_jpg.rf.82bb83fe4e9240688fb673e441399395.jpg,20230114-GX010233,2023-01-14,A,83
20230114-GX010233_frame843_jpg.rf.42b015670b2c4b0dcce73ac4f4068b24.jpg,20230114-GX010233,2023-01-14,A,843
20230114-GX010233_frame863_jpg.rf.1b678e09d591b98d7ec24be74e43f7f9.jpg,20230114-GX010233,2023-01-14,A,863
20230114-GX010233_frame883_jpg.rf.ca9e1099be6b392a019f7ccef437a124.jpg,20230114-GX010233,2023-01-14,A,883
20230114-GX010233_frame900_jpg.rf.b24371918c23c0a77dfd26f80864a721.jpg,20230114-GX010233,2023-01-14,A,900
20230114-GX010233_frame920_jpg.rf.34bdf7fe8bad257243dd8ea55415cfe0.jpg,20230114-GX010233,2023-01-14,A,920
20230114-GX010233_frame940_jpg.rf.2deceabc4949971d8e2d417b63d84543.jpg,20230114-GX010233,2023-01-14,A,940
20230114-GX010233_frame960_jpg.rf.7e1f552fea3d440c99171775c975b392.jpg,20230114-GX010233,2023-01-14,A,960
20230114-GX010233_frame980_jpg.rf.00de9490f7babe59852bb9e2770307aa.jpg,20230114-GX010233,2023-01-14,A,980
20230114-GX010238_frame1003_jpg.rf.a068e6736487f18e7fcd94fbb8b6ce3d.jpg,20230114-GX010238,2023-01-14,B,1003
20230114-GX010238_frame1023_jpg.rf.f180a2965236297ea9f2ca23aec7f2ad.jpg,20230114-GX010238,2023-01-14,B,1023
20230114-GX010238_frame103_jpg.rf.a8c70a2ca57120622d95e45273282ec0.jpg,20230114-GX010238,2023-01-14,B,103
20230114-GX010238_frame1043_jpg.rf.658f8a0aab433919eece9d0fff5d9839.jpg,20230114-GX010238,2023-01-14,B,1043
20230114-GX010238_frame1063_jpg.rf.09b24dd9dfb5d449efc568a0f09ff91a.jpg,20230114-GX010238,2023-01-14,B,1063
20230114-GX010238_frame1083_jpg.rf.299d11bcbf50c6822d3278153e2ba33a.jpg,20230114-GX010238,2023-01-14,B,1083
20230114-GX010238_frame1100_jpg.rf.9823adb3f03e02507503964c12e59b6a.jpg,20230114-GX010238,2023-01-14,B,1100
20230114-GX010238_frame1120_jpg.rf.7533b1f76ab4bc36caa8131f5243985d.jpg,20230114-GX010238,2023-01-14,B,1120
20230114-GX010238_frame1140_jpg.rf.f0068e34a926bac3a1d23b34489a6bef.jpg,20230114-GX010238,2023-01-14,B,1140
20230114-GX010238_frame1163_jpg.rf.ee1dbcec8f4710ab2ecc579787b60a5e.jpg,20230114-GX010238,2023-01-14,B,1163
20230114-GX010238_frame1183_jpg.rf.100b0f2b0bdad7a01784d83446667ff1.jpg,20230114-GX010238,2023-01-14,B,1183
20230114-GX010238_frame1200_jpg.rf.933097528909f1ed043ce993703975ae.jpg,20230114-GX010238,2023-01-14,B,1200
20230114-GX010238_frame120_jpg.rf.510c50d71e19c786a74d1cc04694cb00.jpg,20230114-GX010238,2023-01-14,B,120
20230114-GX010238_frame1220_jpg.rf.5855ea1a1293273206dee36be701e03e.jpg,20230114-GX010238,2023-01-14,B,1220
20230114-GX010238_frame1243_jpg.rf.dfb1e716fbc977a2003a877f4deda752.jpg,20230114-GX010238,2023-01-14,B,1243
20230114-GX010238_frame1260_jpg.rf.7ea10424d2fb629109f43e17c4533b56.jpg,20230114-GX010238,2023-01-14,B,1260
20230114-GX010238_frame1280_jpg.rf.b1a475a63cce959ad02fa4dd77b2d7d3.jpg,20230114-GX010238,2023-01-14,B,1280
20230114-GX010238_frame1300_jpg.rf.3bb31f0ebc2141d54fafbb1ad0439f59.jpg,20230114-GX010238,2023-01-14,B,1300
20230114-GX010238_frame1320_jpg.rf.ca28f190f693a1310e2f3ccabb94b938.jpg,20230114-GX010238,2023-01-14,B,1320
20230114-GX010238_frame1340_jpg.rf.e03e3e5ecd14d0284f1975d02942a5b0.jpg,20230114-GX010238,2023-01-14,B,1340
20230114-GX010238_frame1363_jpg.rf.33e16c77479df4735e8d1edd98f5f1c3.jpg,20230114-GX010238,2023-01-14,B,1363
20230114-GX010238_frame1380_jpg.rf.33c9273f03ca7742d599e6863adb9d59.jpg,20230114-GX010238,2023-01-14,B,1380
20230114-GX010238_frame1400_jpg.rf.2d46cea503ce06e0e4b8d330272c961d.jpg,20230114-GX010238,2023-01-14,B,1400
20230114-GX010238_frame140_jpg.rf.c8c171e859d424157653a45a8e0ae9e2.jpg,20230114-GX010238,2023-01-14,B,140
20230114-GX010238_frame1420_jpg.rf.d07dde4485a205123845f508858659c1.jpg,20230114-GX010238,2023-01-14,B,1420
20230114-GX010238_frame1443_jpg.rf.c06797b71d17f0e0eae785251a515ea2.jpg,20230114-GX010238,2023-01-14,B,1443
20230114-GX010238_frame1460_jpg.rf.d8621ad6ef1124b3ee8dac3e104e65e7.jpg,20230114-GX010238,2023-01-14,B,1460
20230114-GX010238_frame1480_jpg.rf.158e2a04250132a3cd26a2d22d8249f6.jpg,20230114-GX010238,2023-01-14,B,1480
20230114-GX010238_frame1503_jpg.rf.fa4cc1ec6738bed505129feb0518415f.jpg,20230114-GX010238,2023-01-14,B,1503
20230114-GX010238_frame1520_jpg.rf.1d8e1aa02e1bb3fa8b6e8a2089350dea.jpg,20230114-GX010238,2023-01-14,B,1520
20230114-GX010238_frame1543_jpg.rf.5144c115db52d6dfd2e898d53f6cf7d3.jpg,20230114-GX010238,2023-01-14,B,1543
20230114-GX010238_frame1563_jpg.rf.afe21846d7e7a98b13518096fe9f85a2.jpg,20230114-GX010238,2023-01-14,B,1563
20230114-GX010238_frame1583_jpg.rf.bd41f3964fba9a004afa568be0cd7d46.jpg,20230114-GX010238,2023-01-14,B,1583
20230114-GX010238_frame1603_jpg.rf.f0b7d8f73351307c590f228cf9d98f81.jpg,20230114-GX010238,2023-01-14,B,1603
20230114-GX010238_frame160_jpg.rf.b1ef9330c7492205c20298c17c10338a.jpg,20230114-GX010238,2023-01-14,B,160
20230114-GX010238_frame1620_jpg.rf.c7b7e4354a8a6deef9bfdfc52d338c50.jpg,20230114-GX010238,2023-01-14,B,1620
20230114-GX010238_frame1640_jpg.rf.5d83aadc3921f22d52fd96e9d5b438c3.jpg,20230114-GX010238,2023-01-14,B,1640
20230114-GX010238_frame1660_jpg.rf.8ca934bbf8548360b61ba67d5dd6167c.jpg,20230114-GX010238,2023-01-14,B,1660
20230114-GX010238_frame180_jpg.rf.776563c78a91b4fbed9bc70ec48ba0d8.jpg,20230114-GX010238,2023-01-14,B,180
20230114-GX010238_frame200_jpg.rf.cfc91188054a08076d36fb1224049e05.jpg,20230114-GX010238,2023-01-14,B,200
20230114-GX010238_frame223_jpg.rf.105f2f1fa9763fef409628e4494aba80.jpg,20230114-GX010238,2023-01-14,B,223
20230114-GX010238_frame23_jpg.rf.194589db598798b9d121e8e4b0c13e50.jpg,20230114-GX010238,2023-01-14,B,23
20230114-GX010238_frame243_jpg.rf.8fb917d13fca1f208238b411278cc527.jpg,20230114-GX010238,2023-01-14,B,243
20230114-GX010238_frame260_jpg.rf.54c78593708d3374aec9a9f5d0b93330.jpg,20230114-GX010238,2023-01-14,B,260
20230114-GX010238_frame280_jpg.rf.e3cd52aa6460b8d0623d16faa92b8da4.jpg,20230114-GX010238,2023-01-14,B,280
20230114-GX010238_frame303_jpg.rf.f18be8915dd23465e198321ee749b868.jpg,20230114-GX010238,2023-01-14,B,303
20230114-GX010238_frame320_jpg.rf.a4a3014dddb390b45e03b01548bb183a.jpg,20230114-GX010238,2023-01-14,B,320
20230114-GX010238_frame343_jpg.rf.61f351b4a0458067b52c640a65e8a1ff.jpg,20230114-GX010238,2023-01-14,B,343
20230114-GX010238_frame363_jpg.rf.c22bc5ff41a830a3dd922ed5e3497f2c.jpg,20230114-GX010238,2023-01-14,B,363
20230114-GX010238_frame383_jpg.rf.8af949ed4bb2fffefb262bba562d45d1.jpg,20230114-GX010238,2023-01-14,B,383
20230114-GX010238_frame3_jpg.rf.ec79b8b7c41ba812d582a7b9bdb346d3.jpg,20230114-GX010238,2023-01-14,B,3
20230114-GX010238_frame400_jpg.rf.c0890d3b84a376436f0d3b7e882f00b6.jpg,20230114-GX010238,2023-01-14,B,400
20230114-GX010238_frame423_jpg.rf.b6d995fc0219e2c5686f76afa3e1f55b.jpg,20230114-GX010238,2023-01-14,B,423
20230114-GX010238_frame43_jpg.rf.c87ad55f3cde632d4f5a3795ef689864.jpg,20230114-GX010238,2023-01-14,B,43
20230114-GX010238_frame443_jpg.rf.c629b746d7980a4872bae5355f4dc7c2.jpg,20230114-GX010238,2023-01-14,B,443
20230114-GX010238_frame463_jpg.rf.045c65fc05df9541742befc97a324090.jpg,20230114-GX010238,2023-01-14,B,463
20230114-GX010238_frame480_jpg.rf.fcf4820d3d295bbf9a9adf3d6b4a3242.jpg,20230114-GX010238,2023-01-14,B,480
20230114-GX010238_frame500_jpg.rf.0341d8b7721c17e93fc02d0ed4c1cfd9.jpg,20230114-GX010238,2023-01-14,B,500
20230114-GX010238_frame523_jpg.rf.3449a5a9ba1c2dbd843d308ac215ec3b.jpg,20230114-GX010238,2023-01-14,B,523
20230114-GX010238_frame540_jpg.rf.a48dab0fdde6c293c4d1067dabd7af93.jpg,20230114-GX010238,2023-01-14,B,540
20230114-GX010238_frame560_jpg.rf.335db1af4000436527e4e9054970d7ab.jpg,20230114-GX010238,2023-01-14,B,560
20230114-GX010238_frame580_jpg.rf.d746ac3706d48121605ac72e831a66c6.jpg,20230114-GX010238,2023-01-14,B,580
20230114-GX010238_frame603_jpg.rf.a21611e4202da0d34f306010d95365f1.jpg,20230114-GX010238,2023-01-14,B,603
20230114-GX010238_frame60_jpg.rf.3ce4a5e036071fd03d2237f5c079d347.jpg,20230114-GX010238,2023-01-14,B,60
20230114-GX010238_frame620_jpg.rf.e9420c84a824342031349ad3158b4bc8.jpg,20230114-GX010238,2023-01-14,B,620
20230114-GX010238_frame643_jpg.rf.d608289752222863a5f46402c0008e3a.jpg,20230114-GX010238,2023-01-14,B,643
20230114-GX010238_frame663_jpg.rf.226d5ae49076b5499e9276ecd28a8d73.jpg,20230114-GX010238,2023-01-14,B,663
20230114-GX010238_frame683_jpg.rf.8c2c831f53fb5c004a7de49407efdbc2.jpg,20230114-GX010238,2023-01-14,B,683
20230114-GX010238_frame700_jpg.rf.8f498ed73bc00e3479efefd8dd99e566.jpg,20230114-GX010238,2023-01-14,B,700
20230114-GX010238_frame720_jpg.rf.902d5d499ae25340b03037f2cc52864c.jpg,20230114-GX010238,2023-01-14,B,720
20230114-GX010238_frame743_jpg.rf.8e0d80c2c1d09837e99562b3c4def886.jpg,20230114-GX010238,2023-01-14,B,743
20230114-GX010238_frame760_jpg.rf.f8f93e87eb7210f8a8a722dd43968a72.jpg,20230114-GX010238,2023-01-14,B,760
20230114-GX010238_frame780_jpg.rf.efb87118d198cda38bcee7c3e74d6c80.jpg,20230114-GX010238,2023-01-14,B,780
20230114-GX010238_frame800_jpg.rf.883150038f3f6a233095a9842a6e50a2.jpg,20230114-GX010238,2023-01-14,B,800
20230114-GX010238_frame80_jpg.rf.f96636655af1b24fec000262e2196d53.jpg,20230114-GX010238,2023-01-14,B,80
20230114-GX010238_frame820_jpg.rf.68d4915d287c0d6f757ad86a53f0dfe5.jpg,20230114-GX010238,2023-01-14,B,820
20230114-GX010238_frame840_jpg.rf.513e7ba3b9658b0dffc7674925d9a2eb.jpg,20230114-GX010238,2023-01-14,B,840
20230114-GX010238_frame863_jpg.rf.93b07957ec6f17182734bd745dafbf62.jpg,20230114-GX010238,2023-01-14,B,863
20230114-GX010238_frame883_jpg.rf.d24c600c599f3c1a1d78795f42cee375.jpg,20230114-GX010238,2023-01-14,B,883
20230114-GX010238_frame900_jpg.rf.6bd7d62ab5a5c248189b7b95ec5bb156.jpg,20230114-GX010238,2023-01-14,B,900
20230114-GX010238_frame920_jpg.rf.7afdb0671676e0b8a5c98a9d034fd9f2.jpg,20230114-GX010238,2023-01-14,B,920
20230114-GX010238_frame940_jpg.rf.b26e45809e0ee338db47abd8cf09c652.jpg,20230114-GX010238,2023-01-14,B,940
20230114-GX010238_frame960_jpg.rf.c35917b98c2274312e5023bfbc6df5fd.jpg,20230114-GX010238,2023-01-14,B,960
20230114-GX010238_frame980_jpg.rf.d84ebfee78cd1809d88e1e8715deb0d1.jpg,20230114-GX010238,2023-01-14,B,980
